brain_mask,brain,raw,bias_corr,raw_index,mask_index,intensity_norm
/home/bizon/src/datasets/NFBS_Dataset/A00051927/sub-A00051927_ses-NFB3_T1w_brainmask.nii.gz,/home/bizon/src/datasets/NFBS_Dataset/A00051927/sub-A00051927_ses-NFB3_T1w_brain.nii.gz,/home/bizon/src/datasets/NFBS_Dataset/A00051927/sub-A00051927_ses-NFB3_T1w.nii.gz,/home/bizon/src/datasets/NFBS_Dataset_NiFi/bias_correction/nfbs_0.nii.gz,/home/bizon/src/datasets/NFBS_Dataset_NiFi/resized_cropped/nfbs_raw0.nii.gz,/home/bizon/src/datasets/NFBS_Dataset_NiFi/resized_cropped/nfbs_mask0.nii.gz,/home/bizon/src/datasets/NFBS_Dataset_NiFi/intensity_norm/nfbs_intensity_norm_0.nii.gz
/home/bizon/src/datasets/NFBS_Dataset/A00033747/sub-A00033747_ses-NFB3_T1w_brainmask.nii.gz,/home/bizon/src/datasets/NFBS_Dataset/A00033747/sub-A00033747_ses-NFB3_T1w_brain.nii.gz,/home/bizon/src/datasets/NFBS_Dataset/A00033747/sub-A00033747_ses-NFB3_T1w.nii.gz,/home/bizon/src/datasets/NFBS_Dataset_NiFi/bias_correction/nfbs_1.nii.gz,/home/bizon/src/datasets/NFBS_Dataset_NiFi/resized_cropped/nfbs_raw1.nii.gz,/home/bizon/src/datasets/NFBS_Dataset_NiFi/resized_cropped/nfbs_mask1.nii.gz,/home/bizon/src/datasets/NFBS_Dataset_NiFi/intensity_norm/nfbs_intensity_norm_1.nii.gz
/home/bizon/src/datasets/NFBS_Dataset/A00055373/sub-A00055373_ses-NFB3_T1w_brainmask.nii.gz,/home/bizon/src/datasets/NFBS_Dataset/A00055373/sub-A00055373_ses-NFB3_T1w_brain.nii.gz,/home/bizon/src/datasets/NFBS_Dataset/A00055373/sub-A00055373_ses-NFB3_T1w.nii.gz,/home/bizon/src/datasets/NFBS_Dataset_NiFi/bias_correction/nfbs_2.nii.gz,/home/bizon/src/datasets/NFBS_Dataset_NiFi/resized_cropped/nfbs_raw2.nii.gz,/home/bizon/src/datasets/NFBS_Dataset_NiFi/resized_cropped/nfbs_mask2.nii.gz,/home/bizon/src/datasets/NFBS_Dataset_NiFi/intensity_norm/nfbs_intensity_norm_2.nii.gz
/home/bizon/src/datasets/NFBS_Dataset/A00052125/sub-A00052125_ses-NFB3_T1w_brainmask.nii.gz,/home/bizon/src/datasets/NFBS_Dataset/A00052125/sub-A00052125_ses-NFB3_T1w_brain.nii.gz,/home/bizon/src/datasets/NFBS_Dataset/A00052125/sub-A00052125_ses-NFB3_T1w.nii.gz,/home/bizon/src/datasets/NFBS_Dataset_NiFi/bias_correction/nfbs_3.nii.gz,/home/bizon/src/datasets/NFBS_Dataset_NiFi/resized_cropped/nfbs_raw3.nii.gz,/home/bizon/src/datasets/NFBS_Dataset_NiFi/resized_cropped/nfbs_mask3.nii.gz,/home/bizon/src/datasets/NFBS_Dataset_NiFi/intensity_norm/nfbs_intensity_norm_3.nii.gz
/home/bizon/src/datasets/NFBS_Dataset/A00053473/sub-A00053473_ses-NFB3_T1w_brainmask.nii.gz,/home/bizon/src/datasets/NFBS_Dataset/A00053473/sub-A00053473_ses-NFB3_T1w_brain.nii.gz,/home/bizon/src/datasets/NFBS_Dataset/A00053473/sub-A00053473_ses-NFB3_T1w.nii.gz,/home/bizon/src/datasets/NFBS_Dataset_NiFi/bias_correction/nfbs_4.nii.gz,/home/bizon/src/datasets/NFBS_Dataset_NiFi/resized_cropped/nfbs_raw4.nii.gz,/home/bizon/src/datasets/NFBS_Dataset_NiFi/resized_cropped/nfbs_mask4.nii.gz,/home/bizon/src/datasets/NFBS_Dataset_NiFi/intensity_norm/nfbs_intensity_norm_4.nii.gz
/home/bizon/src/datasets/NFBS_Dataset/A00061806/sub-A00061806_ses-NFB3_T1w_brainmask.nii.gz,/home/bizon/src/datasets/NFBS_Dataset/A00061806/sub-A00061806_ses-NFB3_T1w_brain.nii.gz,/home/bizon/src/datasets/NFBS_Dataset/A00061806/sub-A00061806_ses-NFB3_T1w.nii.gz,/home/bizon/src/datasets/NFBS_Dataset_NiFi/bias_correction/nfbs_5.nii.gz,/home/bizon/src/datasets/NFBS_Dataset_NiFi/resized_cropped/nfbs_raw5.nii.gz,/home/bizon/src/datasets/NFBS_Dataset_NiFi/resized_cropped/nfbs_mask5.nii.gz,/home/bizon/src/datasets/NFBS_Dataset_NiFi/intensity_norm/nfbs_intensity_norm_5.nii.gz
/home/bizon/src/datasets/NFBS_Dataset/A00063008/sub-A00063008_ses-NFB3_T1w_brainmask.nii.gz,/home/bizon/src/datasets/NFBS_Dataset/A00063008/sub-A00063008_ses-NFB3_T1w_brain.nii.gz,/home/bizon/src/datasets/NFBS_Dataset/A00063008/sub-A00063008_ses-NFB3_T1w.nii.gz,/home/bizon/src/datasets/NFBS_Dataset_NiFi/bias_correction/nfbs_6.nii.gz,/home/bizon/src/datasets/NFBS_Dataset_NiFi/resized_cropped/nfbs_raw6.nii.gz,/home/bizon/src/datasets/NFBS_Dataset_NiFi/resized_cropped/nfbs_mask6.nii.gz,/home/bizon/src/datasets/NFBS_Dataset_NiFi/intensity_norm/nfbs_intensity_norm_6.nii.gz
/home/bizon/src/datasets/NFBS_Dataset/A00054441/sub-A00054441_ses-NFB3_T1w_brainmask.nii.gz,/home/bizon/src/datasets/NFBS_Dataset/A00054441/sub-A00054441_ses-NFB3_T1w_brain.nii.gz,/home/bizon/src/datasets/NFBS_Dataset/A00054441/sub-A00054441_ses-NFB3_T1w.nii.gz,/home/bizon/src/datasets/NFBS_Dataset_NiFi/bias_correction/nfbs_7.nii.gz,/home/bizon/src/datasets/NFBS_Dataset_NiFi/resized_cropped/nfbs_raw7.nii.gz,/home/bizon/src/datasets/NFBS_Dataset_NiFi/resized_cropped/nfbs_mask7.nii.gz,/home/bizon/src/datasets/NFBS_Dataset_NiFi/intensity_norm/nfbs_intensity_norm_7.nii.gz
/home/bizon/src/datasets/NFBS_Dataset/A00040573/sub-A00040573_ses-NFB3_T1w_brainmask.nii.gz,/home/bizon/src/datasets/NFBS_Dataset/A00040573/sub-A00040573_ses-NFB3_T1w_brain.nii.gz,/home/bizon/src/datasets/NFBS_Dataset/A00040573/sub-A00040573_ses-NFB3_T1w.nii.gz,/home/bizon/src/datasets/NFBS_Dataset_NiFi/bias_correction/nfbs_8.nii.gz,/home/bizon/src/datasets/NFBS_Dataset_NiFi/resized_cropped/nfbs_raw8.nii.gz,/home/bizon/src/datasets/NFBS_Dataset_NiFi/resized_cropped/nfbs_mask8.nii.gz,/home/bizon/src/datasets/NFBS_Dataset_NiFi/intensity_norm/nfbs_intensity_norm_8.nii.gz
/home/bizon/src/datasets/NFBS_Dataset/A00040193/sub-A00040193_ses-NFB3_T1w_brainmask.nii.gz,/home/bizon/src/datasets/NFBS_Dataset/A00040193/sub-A00040193_ses-NFB3_T1w_brain.nii.gz,/home/bizon/src/datasets/NFBS_Dataset/A00040193/sub-A00040193_ses-NFB3_T1w.nii.gz,/home/bizon/src/datasets/NFBS_Dataset_NiFi/bias_correction/nfbs_9.nii.gz,/home/bizon/src/datasets/NFBS_Dataset_NiFi/resized_cropped/nfbs_raw9.nii.gz,/home/bizon/src/datasets/NFBS_Dataset_NiFi/resized_cropped/nfbs_mask9.nii.gz,/home/bizon/src/datasets/NFBS_Dataset_NiFi/intensity_norm/nfbs_intensity_norm_9.nii.gz
/home/bizon/src/datasets/NFBS_Dataset/A00043704/sub-A00043704_ses-NFB3_T1w_brainmask.nii.gz,/home/bizon/src/datasets/NFBS_Dataset/A00043704/sub-A00043704_ses-NFB3_T1w_brain.nii.gz,/home/bizon/src/datasets/NFBS_Dataset/A00043704/sub-A00043704_ses-NFB3_T1w.nii.gz,/home/bizon/src/datasets/NFBS_Dataset_NiFi/bias_correction/nfbs_10.nii.gz,/home/bizon/src/datasets/NFBS_Dataset_NiFi/resized_cropped/nfbs_raw10.nii.gz,/home/bizon/src/datasets/NFBS_Dataset_NiFi/resized_cropped/nfbs_mask10.nii.gz,/home/bizon/src/datasets/NFBS_Dataset_NiFi/intensity_norm/nfbs_intensity_norm_10.nii.gz
/home/bizon/src/datasets/NFBS_Dataset/A00040944/sub-A00040944_ses-NFB3_T1w_brainmask.nii.gz,/home/bizon/src/datasets/NFBS_Dataset/A00040944/sub-A00040944_ses-NFB3_T1w_brain.nii.gz,/home/bizon/src/datasets/NFBS_Dataset/A00040944/sub-A00040944_ses-NFB3_T1w.nii.gz,/home/bizon/src/datasets/NFBS_Dataset_NiFi/bias_correction/nfbs_11.nii.gz,/home/bizon/src/datasets/NFBS_Dataset_NiFi/resized_cropped/nfbs_raw11.nii.gz,/home/bizon/src/datasets/NFBS_Dataset_NiFi/resized_cropped/nfbs_mask11.nii.gz,/home/bizon/src/datasets/NFBS_Dataset_NiFi/intensity_norm/nfbs_intensity_norm_11.nii.gz
/home/bizon/src/datasets/NFBS_Dataset/A00050940/sub-A00050940_ses-NFB3_T1w_brainmask.nii.gz,/home/bizon/src/datasets/NFBS_Dataset/A00050940/sub-A00050940_ses-NFB3_T1w_brain.nii.gz,/home/bizon/src/datasets/NFBS_Dataset/A00050940/sub-A00050940_ses-NFB3_T1w.nii.gz,/home/bizon/src/datasets/NFBS_Dataset_NiFi/bias_correction/nfbs_12.nii.gz,/home/bizon/src/datasets/NFBS_Dataset_NiFi/resized_cropped/nfbs_raw12.nii.gz,/home/bizon/src/datasets/NFBS_Dataset_NiFi/resized_cropped/nfbs_mask12.nii.gz,/home/bizon/src/datasets/NFBS_Dataset_NiFi/intensity_norm/nfbs_intensity_norm_12.nii.gz
/home/bizon/src/datasets/NFBS_Dataset/A00040640/sub-A00040640_ses-NFB3_T1w_brainmask.nii.gz,/home/bizon/src/datasets/NFBS_Dataset/A00040640/sub-A00040640_ses-NFB3_T1w_brain.nii.gz,/home/bizon/src/datasets/NFBS_Dataset/A00040640/sub-A00040640_ses-NFB3_T1w.nii.gz,/home/bizon/src/datasets/NFBS_Dataset_NiFi/bias_correction/nfbs_13.nii.gz,/home/bizon/src/datasets/NFBS_Dataset_NiFi/resized_cropped/nfbs_raw13.nii.gz,/home/bizon/src/datasets/NFBS_Dataset_NiFi/resized_cropped/nfbs_mask13.nii.gz,/home/bizon/src/datasets/NFBS_Dataset_NiFi/intensity_norm/nfbs_intensity_norm_13.nii.gz
/home/bizon/src/datasets/NFBS_Dataset/A00051676/sub-A00051676_ses-NFB3_T1w_brainmask.nii.gz,/home/bizon/src/datasets/NFBS_Dataset/A00051676/sub-A00051676_ses-NFB3_T1w_brain.nii.gz,/home/bizon/src/datasets/NFBS_Dataset/A00051676/sub-A00051676_ses-NFB3_T1w.nii.gz,/home/bizon/src/datasets/NFBS_Dataset_NiFi/bias_correction/nfbs_14.nii.gz,/home/bizon/src/datasets/NFBS_Dataset_NiFi/resized_cropped/nfbs_raw14.nii.gz,/home/bizon/src/datasets/NFBS_Dataset_NiFi/resized_cropped/nfbs_mask14.nii.gz,/home/bizon/src/datasets/NFBS_Dataset_NiFi/intensity_norm/nfbs_intensity_norm_14.nii.gz
/home/bizon/src/datasets/NFBS_Dataset/A00056627/sub-A00056627_ses-NFB3_T1w_brainmask.nii.gz,/home/bizon/src/datasets/NFBS_Dataset/A00056627/sub-A00056627_ses-NFB3_T1w_brain.nii.gz,/home/bizon/src/datasets/NFBS_Dataset/A00056627/sub-A00056627_ses-NFB3_T1w.nii.gz,/home/bizon/src/datasets/NFBS_Dataset_NiFi/bias_correction/nfbs_15.nii.gz,/home/bizon/src/datasets/NFBS_Dataset_NiFi/resized_cropped/nfbs_raw15.nii.gz,/home/bizon/src/datasets/NFBS_Dataset_NiFi/resized_cropped/nfbs_mask15.nii.gz,/home/bizon/src/datasets/NFBS_Dataset_NiFi/intensity_norm/nfbs_intensity_norm_15.nii.gz
/home/bizon/src/datasets/NFBS_Dataset/A00038642/sub-A00038642_ses-NFB3_T1w_brainmask.nii.gz,/home/bizon/src/datasets/NFBS_Dataset/A00038642/sub-A00038642_ses-NFB3_T1w_brain.nii.gz,/home/bizon/src/datasets/NFBS_Dataset/A00038642/sub-A00038642_ses-NFB3_T1w.nii.gz,/home/bizon/src/datasets/NFBS_Dataset_NiFi/bias_correction/nfbs_16.nii.gz,/home/bizon/src/datasets/NFBS_Dataset_NiFi/resized_cropped/nfbs_raw16.nii.gz,/home/bizon/src/datasets/NFBS_Dataset_NiFi/resized_cropped/nfbs_mask16.nii.gz,/home/bizon/src/datasets/NFBS_Dataset_NiFi/intensity_norm/nfbs_intensity_norm_16.nii.gz
/home/bizon/src/datasets/NFBS_Dataset/A00055806/sub-A00055806_ses-NFB3_T1w_brainmask.nii.gz,/home/bizon/src/datasets/NFBS_Dataset/A00055806/sub-A00055806_ses-NFB3_T1w_brain.nii.gz,/home/bizon/src/datasets/NFBS_Dataset/A00055806/sub-A00055806_ses-NFB3_T1w.nii.gz,/home/bizon/src/datasets/NFBS_Dataset_NiFi/bias_correction/nfbs_17.nii.gz,/home/bizon/src/datasets/NFBS_Dataset_NiFi/resized_cropped/nfbs_raw17.nii.gz,/home/bizon/src/datasets/NFBS_Dataset_NiFi/resized_cropped/nfbs_mask17.nii.gz,/home/bizon/src/datasets/NFBS_Dataset_NiFi/intensity_norm/nfbs_intensity_norm_17.nii.gz
/home/bizon/src/datasets/NFBS_Dataset/A00058218/sub-A00058218_ses-NFB3_T1w_brainmask.nii.gz,/home/bizon/src/datasets/NFBS_Dataset/A00058218/sub-A00058218_ses-NFB3_T1w_brain.nii.gz,/home/bizon/src/datasets/NFBS_Dataset/A00058218/sub-A00058218_ses-NFB3_T1w.nii.gz,/home/bizon/src/datasets/NFBS_Dataset_NiFi/bias_correction/nfbs_18.nii.gz,/home/bizon/src/datasets/NFBS_Dataset_NiFi/resized_cropped/nfbs_raw18.nii.gz,/home/bizon/src/datasets/NFBS_Dataset_NiFi/resized_cropped/nfbs_mask18.nii.gz,/home/bizon/src/datasets/NFBS_Dataset_NiFi/intensity_norm/nfbs_intensity_norm_18.nii.gz
/home/bizon/src/datasets/NFBS_Dataset/A00054504/sub-A00054504_ses-NFB3_T1w_brainmask.nii.gz,/home/bizon/src/datasets/NFBS_Dataset/A00054504/sub-A00054504_ses-NFB3_T1w_brain.nii.gz,/home/bizon/src/datasets/NFBS_Dataset/A00054504/sub-A00054504_ses-NFB3_T1w.nii.gz,/home/bizon/src/datasets/NFBS_Dataset_NiFi/bias_correction/nfbs_19.nii.gz,/home/bizon/src/datasets/NFBS_Dataset_NiFi/resized_cropped/nfbs_raw19.nii.gz,/home/bizon/src/datasets/NFBS_Dataset_NiFi/resized_cropped/nfbs_mask19.nii.gz,/home/bizon/src/datasets/NFBS_Dataset_NiFi/intensity_norm/nfbs_intensity_norm_19.nii.gz
/home/bizon/src/datasets/NFBS_Dataset/A00040524/sub-A00040524_ses-NFB3_T1w_brainmask.nii.gz,/home/bizon/src/datasets/NFBS_Dataset/A00040524/sub-A00040524_ses-NFB3_T1w_brain.nii.gz,/home/bizon/src/datasets/NFBS_Dataset/A00040524/sub-A00040524_ses-NFB3_T1w.nii.gz,/home/bizon/src/datasets/NFBS_Dataset_NiFi/bias_correction/nfbs_20.nii.gz,/home/bizon/src/datasets/NFBS_Dataset_NiFi/resized_cropped/nfbs_raw20.nii.gz,/home/bizon/src/datasets/NFBS_Dataset_NiFi/resized_cropped/nfbs_mask20.nii.gz,/home/bizon/src/datasets/NFBS_Dataset_NiFi/intensity_norm/nfbs_intensity_norm_20.nii.gz
/home/bizon/src/datasets/NFBS_Dataset/A00059911/sub-A00059911_ses-NFB3_T1w_brainmask.nii.gz,/home/bizon/src/datasets/NFBS_Dataset/A00059911/sub-A00059911_ses-NFB3_T1w_brain.nii.gz,/home/bizon/src/datasets/NFBS_Dataset/A00059911/sub-A00059911_ses-NFB3_T1w.nii.gz,/home/bizon/src/datasets/NFBS_Dataset_NiFi/bias_correction/nfbs_21.nii.gz,/home/bizon/src/datasets/NFBS_Dataset_NiFi/resized_cropped/nfbs_raw21.nii.gz,/home/bizon/src/datasets/NFBS_Dataset_NiFi/resized_cropped/nfbs_mask21.nii.gz,/home/bizon/src/datasets/NFBS_Dataset_NiFi/intensity_norm/nfbs_intensity_norm_21.nii.gz
/home/bizon/src/datasets/NFBS_Dataset/A00039431/sub-A00039431_ses-NFB3_T1w_brainmask.nii.gz,/home/bizon/src/datasets/NFBS_Dataset/A00039431/sub-A00039431_ses-NFB3_T1w_brain.nii.gz,/home/bizon/src/datasets/NFBS_Dataset/A00039431/sub-A00039431_ses-NFB3_T1w.nii.gz,/home/bizon/src/datasets/NFBS_Dataset_NiFi/bias_correction/nfbs_22.nii.gz,/home/bizon/src/datasets/NFBS_Dataset_NiFi/resized_cropped/nfbs_raw22.nii.gz,/home/bizon/src/datasets/NFBS_Dataset_NiFi/resized_cropped/nfbs_mask22.nii.gz,/home/bizon/src/datasets/NFBS_Dataset_NiFi/intensity_norm/nfbs_intensity_norm_22.nii.gz
/home/bizon/src/datasets/NFBS_Dataset/A00052340/sub-A00052340_ses-NFB3_T1w_brainmask.nii.gz,/home/bizon/src/datasets/NFBS_Dataset/A00052340/sub-A00052340_ses-NFB3_T1w_brain.nii.gz,/home/bizon/src/datasets/NFBS_Dataset/A00052340/sub-A00052340_ses-NFB3_T1w.nii.gz,/home/bizon/src/datasets/NFBS_Dataset_NiFi/bias_correction/nfbs_23.nii.gz,/home/bizon/src/datasets/NFBS_Dataset_NiFi/resized_cropped/nfbs_raw23.nii.gz,/home/bizon/src/datasets/NFBS_Dataset_NiFi/resized_cropped/nfbs_mask23.nii.gz,/home/bizon/src/datasets/NFBS_Dataset_NiFi/intensity_norm/nfbs_intensity_norm_23.nii.gz
/home/bizon/src/datasets/NFBS_Dataset/A00062248/sub-A00062248_ses-NFB3_T1w_brainmask.nii.gz,/home/bizon/src/datasets/NFBS_Dataset/A00062248/sub-A00062248_ses-NFB3_T1w_brain.nii.gz,/home/bizon/src/datasets/NFBS_Dataset/A00062248/sub-A00062248_ses-NFB3_T1w.nii.gz,/home/bizon/src/datasets/NFBS_Dataset_NiFi/bias_correction/nfbs_24.nii.gz,/home/bizon/src/datasets/NFBS_Dataset_NiFi/resized_cropped/nfbs_raw24.nii.gz,/home/bizon/src/datasets/NFBS_Dataset_NiFi/resized_cropped/nfbs_mask24.nii.gz,/home/bizon/src/datasets/NFBS_Dataset_NiFi/intensity_norm/nfbs_intensity_norm_24.nii.gz
/home/bizon/src/datasets/NFBS_Dataset/A00062282/sub-A00062282_ses-NFB3_T1w_brainmask.nii.gz,/home/bizon/src/datasets/NFBS_Dataset/A00062282/sub-A00062282_ses-NFB3_T1w_brain.nii.gz,/home/bizon/src/datasets/NFBS_Dataset/A00062282/sub-A00062282_ses-NFB3_T1w.nii.gz,/home/bizon/src/datasets/NFBS_Dataset_NiFi/bias_correction/nfbs_25.nii.gz,/home/bizon/src/datasets/NFBS_Dataset_NiFi/resized_cropped/nfbs_raw25.nii.gz,/home/bizon/src/datasets/NFBS_Dataset_NiFi/resized_cropped/nfbs_mask25.nii.gz,/home/bizon/src/datasets/NFBS_Dataset_NiFi/intensity_norm/nfbs_intensity_norm_25.nii.gz
/home/bizon/src/datasets/NFBS_Dataset/A00060430/sub-A00060430_ses-NFB3_T1w_brainmask.nii.gz,/home/bizon/src/datasets/NFBS_Dataset/A00060430/sub-A00060430_ses-NFB3_T1w_brain.nii.gz,/home/bizon/src/datasets/NFBS_Dataset/A00060430/sub-A00060430_ses-NFB3_T1w.nii.gz,/home/bizon/src/datasets/NFBS_Dataset_NiFi/bias_correction/nfbs_26.nii.gz,/home/bizon/src/datasets/NFBS_Dataset_NiFi/resized_cropped/nfbs_raw26.nii.gz,/home/bizon/src/datasets/NFBS_Dataset_NiFi/resized_cropped/nfbs_mask26.nii.gz,/home/bizon/src/datasets/NFBS_Dataset_NiFi/intensity_norm/nfbs_intensity_norm_26.nii.gz
/home/bizon/src/datasets/NFBS_Dataset/A00059346/sub-A00059346_ses-NFB3_T1w_brainmask.nii.gz,/home/bizon/src/datasets/NFBS_Dataset/A00059346/sub-A00059346_ses-NFB3_T1w_brain.nii.gz,/home/bizon/src/datasets/NFBS_Dataset/A00059346/sub-A00059346_ses-NFB3_T1w.nii.gz,/home/bizon/src/datasets/NFBS_Dataset_NiFi/bias_correction/nfbs_27.nii.gz,/home/bizon/src/datasets/NFBS_Dataset_NiFi/resized_cropped/nfbs_raw27.nii.gz,/home/bizon/src/datasets/NFBS_Dataset_NiFi/resized_cropped/nfbs_mask27.nii.gz,/home/bizon/src/datasets/NFBS_Dataset_NiFi/intensity_norm/nfbs_intensity_norm_27.nii.gz
/home/bizon/src/datasets/NFBS_Dataset/A00057808/sub-A00057808_ses-NFB3_T1w_brainmask.nii.gz,/home/bizon/src/datasets/NFBS_Dataset/A00057808/sub-A00057808_ses-NFB3_T1w_brain.nii.gz,/home/bizon/src/datasets/NFBS_Dataset/A00057808/sub-A00057808_ses-NFB3_T1w.nii.gz,/home/bizon/src/datasets/NFBS_Dataset_NiFi/bias_correction/nfbs_28.nii.gz,/home/bizon/src/datasets/NFBS_Dataset_NiFi/resized_cropped/nfbs_raw28.nii.gz,/home/bizon/src/datasets/NFBS_Dataset_NiFi/resized_cropped/nfbs_mask28.nii.gz,/home/bizon/src/datasets/NFBS_Dataset_NiFi/intensity_norm/nfbs_intensity_norm_28.nii.gz
/home/bizon/src/datasets/NFBS_Dataset/A00043299/sub-A00043299_ses-NFB3_T1w_brainmask.nii.gz,/home/bizon/src/datasets/NFBS_Dataset/A00043299/sub-A00043299_ses-NFB3_T1w_brain.nii.gz,/home/bizon/src/datasets/NFBS_Dataset/A00043299/sub-A00043299_ses-NFB3_T1w.nii.gz,/home/bizon/src/datasets/NFBS_Dataset_NiFi/bias_correction/nfbs_29.nii.gz,/home/bizon/src/datasets/NFBS_Dataset_NiFi/resized_cropped/nfbs_raw29.nii.gz,/home/bizon/src/datasets/NFBS_Dataset_NiFi/resized_cropped/nfbs_mask29.nii.gz,/home/bizon/src/datasets/NFBS_Dataset_NiFi/intensity_norm/nfbs_intensity_norm_29.nii.gz
/home/bizon/src/datasets/NFBS_Dataset/A00057786/sub-A00057786_ses-NFB3_T1w_brainmask.nii.gz,/home/bizon/src/datasets/NFBS_Dataset/A00057786/sub-A00057786_ses-NFB3_T1w_brain.nii.gz,/home/bizon/src/datasets/NFBS_Dataset/A00057786/sub-A00057786_ses-NFB3_T1w.nii.gz,/home/bizon/src/datasets/NFBS_Dataset_NiFi/bias_correction/nfbs_30.nii.gz,/home/bizon/src/datasets/NFBS_Dataset_NiFi/resized_cropped/nfbs_raw30.nii.gz,/home/bizon/src/datasets/NFBS_Dataset_NiFi/resized_cropped/nfbs_mask30.nii.gz,/home/bizon/src/datasets/NFBS_Dataset_NiFi/intensity_norm/nfbs_intensity_norm_30.nii.gz
/home/bizon/src/datasets/NFBS_Dataset/A00056306/sub-A00056306_ses-NFB3_T1w_brainmask.nii.gz,/home/bizon/src/datasets/NFBS_Dataset/A00056306/sub-A00056306_ses-NFB3_T1w_brain.nii.gz,/home/bizon/src/datasets/NFBS_Dataset/A00056306/sub-A00056306_ses-NFB3_T1w.nii.gz,/home/bizon/src/datasets/NFBS_Dataset_NiFi/bias_correction/nfbs_31.nii.gz,/home/bizon/src/datasets/NFBS_Dataset_NiFi/resized_cropped/nfbs_raw31.nii.gz,/home/bizon/src/datasets/NFBS_Dataset_NiFi/resized_cropped/nfbs_mask31.nii.gz,/home/bizon/src/datasets/NFBS_Dataset_NiFi/intensity_norm/nfbs_intensity_norm_31.nii.gz
/home/bizon/src/datasets/NFBS_Dataset/A00060516/sub-A00060516_ses-NFB3_T1w_brainmask.nii.gz,/home/bizon/src/datasets/NFBS_Dataset/A00060516/sub-A00060516_ses-NFB3_T1w_brain.nii.gz,/home/bizon/src/datasets/NFBS_Dataset/A00060516/sub-A00060516_ses-NFB3_T1w.nii.gz,/home/bizon/src/datasets/NFBS_Dataset_NiFi/bias_correction/nfbs_32.nii.gz,/home/bizon/src/datasets/NFBS_Dataset_NiFi/resized_cropped/nfbs_raw32.nii.gz,/home/bizon/src/datasets/NFBS_Dataset_NiFi/resized_cropped/nfbs_mask32.nii.gz,/home/bizon/src/datasets/NFBS_Dataset_NiFi/intensity_norm/nfbs_intensity_norm_32.nii.gz
/home/bizon/src/datasets/NFBS_Dataset/A00045590/sub-A00045590_ses-NFB3_T1w_brainmask.nii.gz,/home/bizon/src/datasets/NFBS_Dataset/A00045590/sub-A00045590_ses-NFB3_T1w_brain.nii.gz,/home/bizon/src/datasets/NFBS_Dataset/A00045590/sub-A00045590_ses-NFB3_T1w.nii.gz,/home/bizon/src/datasets/NFBS_Dataset_NiFi/bias_correction/nfbs_33.nii.gz,/home/bizon/src/datasets/NFBS_Dataset_NiFi/resized_cropped/nfbs_raw33.nii.gz,/home/bizon/src/datasets/NFBS_Dataset_NiFi/resized_cropped/nfbs_mask33.nii.gz,/home/bizon/src/datasets/NFBS_Dataset_NiFi/intensity_norm/nfbs_intensity_norm_33.nii.gz
/home/bizon/src/datasets/NFBS_Dataset/A00055738/sub-A00055738_ses-NFB3_T1w_brainmask.nii.gz,/home/bizon/src/datasets/NFBS_Dataset/A00055738/sub-A00055738_ses-NFB3_T1w_brain.nii.gz,/home/bizon/src/datasets/NFBS_Dataset/A00055738/sub-A00055738_ses-NFB3_T1w.nii.gz,/home/bizon/src/datasets/NFBS_Dataset_NiFi/bias_correction/nfbs_34.nii.gz,/home/bizon/src/datasets/NFBS_Dataset_NiFi/resized_cropped/nfbs_raw34.nii.gz,/home/bizon/src/datasets/NFBS_Dataset_NiFi/resized_cropped/nfbs_mask34.nii.gz,/home/bizon/src/datasets/NFBS_Dataset_NiFi/intensity_norm/nfbs_intensity_norm_34.nii.gz
/home/bizon/src/datasets/NFBS_Dataset/A00055763/sub-A00055763_ses-NFB3_T1w_brainmask.nii.gz,/home/bizon/src/datasets/NFBS_Dataset/A00055763/sub-A00055763_ses-NFB3_T1w_brain.nii.gz,/home/bizon/src/datasets/NFBS_Dataset/A00055763/sub-A00055763_ses-NFB3_T1w.nii.gz,/home/bizon/src/datasets/NFBS_Dataset_NiFi/bias_correction/nfbs_35.nii.gz,/home/bizon/src/datasets/NFBS_Dataset_NiFi/resized_cropped/nfbs_raw35.nii.gz,/home/bizon/src/datasets/NFBS_Dataset_NiFi/resized_cropped/nfbs_mask35.nii.gz,/home/bizon/src/datasets/NFBS_Dataset_NiFi/intensity_norm/nfbs_intensity_norm_35.nii.gz
/home/bizon/src/datasets/NFBS_Dataset/A00055542/sub-A00055542_ses-NFB3_T1w_brainmask.nii.gz,/home/bizon/src/datasets/NFBS_Dataset/A00055542/sub-A00055542_ses-NFB3_T1w_brain.nii.gz,/home/bizon/src/datasets/NFBS_Dataset/A00055542/sub-A00055542_ses-NFB3_T1w.nii.gz,/home/bizon/src/datasets/NFBS_Dataset_NiFi/bias_correction/nfbs_36.nii.gz,/home/bizon/src/datasets/NFBS_Dataset_NiFi/resized_cropped/nfbs_raw36.nii.gz,/home/bizon/src/datasets/NFBS_Dataset_NiFi/resized_cropped/nfbs_mask36.nii.gz,/home/bizon/src/datasets/NFBS_Dataset_NiFi/intensity_norm/nfbs_intensity_norm_36.nii.gz
/home/bizon/src/datasets/NFBS_Dataset/A00060471/sub-A00060471_ses-NFB3_T1w_brainmask.nii.gz,/home/bizon/src/datasets/NFBS_Dataset/A00060471/sub-A00060471_ses-NFB3_T1w_brain.nii.gz,/home/bizon/src/datasets/NFBS_Dataset/A00060471/sub-A00060471_ses-NFB3_T1w.nii.gz,/home/bizon/src/datasets/NFBS_Dataset_NiFi/bias_correction/nfbs_37.nii.gz,/home/bizon/src/datasets/NFBS_Dataset_NiFi/resized_cropped/nfbs_raw37.nii.gz,/home/bizon/src/datasets/NFBS_Dataset_NiFi/resized_cropped/nfbs_mask37.nii.gz,/home/bizon/src/datasets/NFBS_Dataset_NiFi/intensity_norm/nfbs_intensity_norm_37.nii.gz
/home/bizon/src/datasets/NFBS_Dataset/A00060169/sub-A00060169_ses-NFB3_T1w_brainmask.nii.gz,/home/bizon/src/datasets/NFBS_Dataset/A00060169/sub-A00060169_ses-NFB3_T1w_brain.nii.gz,/home/bizon/src/datasets/NFBS_Dataset/A00060169/sub-A00060169_ses-NFB3_T1w.nii.gz,/home/bizon/src/datasets/NFBS_Dataset_NiFi/bias_correction/nfbs_38.nii.gz,/home/bizon/src/datasets/NFBS_Dataset_NiFi/resized_cropped/nfbs_raw38.nii.gz,/home/bizon/src/datasets/NFBS_Dataset_NiFi/resized_cropped/nfbs_mask38.nii.gz,/home/bizon/src/datasets/NFBS_Dataset_NiFi/intensity_norm/nfbs_intensity_norm_38.nii.gz
/home/bizon/src/datasets/NFBS_Dataset/A00054914/sub-A00054914_ses-NFB3_T1w_brainmask.nii.gz,/home/bizon/src/datasets/NFBS_Dataset/A00054914/sub-A00054914_ses-NFB3_T1w_brain.nii.gz,/home/bizon/src/datasets/NFBS_Dataset/A00054914/sub-A00054914_ses-NFB3_T1w.nii.gz,/home/bizon/src/datasets/NFBS_Dataset_NiFi/bias_correction/nfbs_39.nii.gz,/home/bizon/src/datasets/NFBS_Dataset_NiFi/resized_cropped/nfbs_raw39.nii.gz,/home/bizon/src/datasets/NFBS_Dataset_NiFi/resized_cropped/nfbs_mask39.nii.gz,/home/bizon/src/datasets/NFBS_Dataset_NiFi/intensity_norm/nfbs_intensity_norm_39.nii.gz
/home/bizon/src/datasets/NFBS_Dataset/A00038998/sub-A00038998_ses-NFB3_T1w_brainmask.nii.gz,/home/bizon/src/datasets/NFBS_Dataset/A00038998/sub-A00038998_ses-NFB3_T1w_brain.nii.gz,/home/bizon/src/datasets/NFBS_Dataset/A00038998/sub-A00038998_ses-NFB3_T1w.nii.gz,/home/bizon/src/datasets/NFBS_Dataset_NiFi/bias_correction/nfbs_40.nii.gz,/home/bizon/src/datasets/NFBS_Dataset_NiFi/resized_cropped/nfbs_raw40.nii.gz,/home/bizon/src/datasets/NFBS_Dataset_NiFi/resized_cropped/nfbs_mask40.nii.gz,/home/bizon/src/datasets/NFBS_Dataset_NiFi/intensity_norm/nfbs_intensity_norm_40.nii.gz
/home/bizon/src/datasets/NFBS_Dataset/A00057182/sub-A00057182_ses-NFB3_T1w_brainmask.nii.gz,/home/bizon/src/datasets/NFBS_Dataset/A00057182/sub-A00057182_ses-NFB3_T1w_brain.nii.gz,/home/bizon/src/datasets/NFBS_Dataset/A00057182/sub-A00057182_ses-NFB3_T1w.nii.gz,/home/bizon/src/datasets/NFBS_Dataset_NiFi/bias_correction/nfbs_41.nii.gz,/home/bizon/src/datasets/NFBS_Dataset_NiFi/resized_cropped/nfbs_raw41.nii.gz,/home/bizon/src/datasets/NFBS_Dataset_NiFi/resized_cropped/nfbs_mask41.nii.gz,/home/bizon/src/datasets/NFBS_Dataset_NiFi/intensity_norm/nfbs_intensity_norm_41.nii.gz
/home/bizon/src/datasets/NFBS_Dataset/A00043520/sub-A00043520_ses-NFB3_T1w_brainmask.nii.gz,/home/bizon/src/datasets/NFBS_Dataset/A00043520/sub-A00043520_ses-NFB3_T1w_brain.nii.gz,/home/bizon/src/datasets/NFBS_Dataset/A00043520/sub-A00043520_ses-NFB3_T1w.nii.gz,/home/bizon/src/datasets/NFBS_Dataset_NiFi/bias_correction/nfbs_42.nii.gz,/home/bizon/src/datasets/NFBS_Dataset_NiFi/resized_cropped/nfbs_raw42.nii.gz,/home/bizon/src/datasets/NFBS_Dataset_NiFi/resized_cropped/nfbs_mask42.nii.gz,/home/bizon/src/datasets/NFBS_Dataset_NiFi/intensity_norm/nfbs_intensity_norm_42.nii.gz
/home/bizon/src/datasets/NFBS_Dataset/A00062288/sub-A00062288_ses-NFB3_T1w_brainmask.nii.gz,/home/bizon/src/datasets/NFBS_Dataset/A00062288/sub-A00062288_ses-NFB3_T1w_brain.nii.gz,/home/bizon/src/datasets/NFBS_Dataset/A00062288/sub-A00062288_ses-NFB3_T1w.nii.gz,/home/bizon/src/datasets/NFBS_Dataset_NiFi/bias_correction/nfbs_43.nii.gz,/home/bizon/src/datasets/NFBS_Dataset_NiFi/resized_cropped/nfbs_raw43.nii.gz,/home/bizon/src/datasets/NFBS_Dataset_NiFi/resized_cropped/nfbs_mask43.nii.gz,/home/bizon/src/datasets/NFBS_Dataset_NiFi/intensity_norm/nfbs_intensity_norm_43.nii.gz
/home/bizon/src/datasets/NFBS_Dataset/A00057235/sub-A00057235_ses-NFB3_T1w_brainmask.nii.gz,/home/bizon/src/datasets/NFBS_Dataset/A00057235/sub-A00057235_ses-NFB3_T1w_brain.nii.gz,/home/bizon/src/datasets/NFBS_Dataset/A00057235/sub-A00057235_ses-NFB3_T1w.nii.gz,/home/bizon/src/datasets/NFBS_Dataset_NiFi/bias_correction/nfbs_44.nii.gz,/home/bizon/src/datasets/NFBS_Dataset_NiFi/resized_cropped/nfbs_raw44.nii.gz,/home/bizon/src/datasets/NFBS_Dataset_NiFi/resized_cropped/nfbs_mask44.nii.gz,/home/bizon/src/datasets/NFBS_Dataset_NiFi/intensity_norm/nfbs_intensity_norm_44.nii.gz
/home/bizon/src/datasets/NFBS_Dataset/A00061204/sub-A00061204_ses-NFB3_T1w_brainmask.nii.gz,/home/bizon/src/datasets/NFBS_Dataset/A00061204/sub-A00061204_ses-NFB3_T1w_brain.nii.gz,/home/bizon/src/datasets/NFBS_Dataset/A00061204/sub-A00061204_ses-NFB3_T1w.nii.gz,/home/bizon/src/datasets/NFBS_Dataset_NiFi/bias_correction/nfbs_45.nii.gz,/home/bizon/src/datasets/NFBS_Dataset_NiFi/resized_cropped/nfbs_raw45.nii.gz,/home/bizon/src/datasets/NFBS_Dataset_NiFi/resized_cropped/nfbs_mask45.nii.gz,/home/bizon/src/datasets/NFBS_Dataset_NiFi/intensity_norm/nfbs_intensity_norm_45.nii.gz
/home/bizon/src/datasets/NFBS_Dataset/A00060372/sub-A00060372_ses-NFB3_T1w_brainmask.nii.gz,/home/bizon/src/datasets/NFBS_Dataset/A00060372/sub-A00060372_ses-NFB3_T1w_brain.nii.gz,/home/bizon/src/datasets/NFBS_Dataset/A00060372/sub-A00060372_ses-NFB3_T1w.nii.gz,/home/bizon/src/datasets/NFBS_Dataset_NiFi/bias_correction/nfbs_46.nii.gz,/home/bizon/src/datasets/NFBS_Dataset_NiFi/resized_cropped/nfbs_raw46.nii.gz,/home/bizon/src/datasets/NFBS_Dataset_NiFi/resized_cropped/nfbs_mask46.nii.gz,/home/bizon/src/datasets/NFBS_Dataset_NiFi/intensity_norm/nfbs_intensity_norm_46.nii.gz
/home/bizon/src/datasets/NFBS_Dataset/A00061709/sub-A00061709_ses-NFB3_T1w_brainmask.nii.gz,/home/bizon/src/datasets/NFBS_Dataset/A00061709/sub-A00061709_ses-NFB3_T1w_brain.nii.gz,/home/bizon/src/datasets/NFBS_Dataset/A00061709/sub-A00061709_ses-NFB3_T1w.nii.gz,/home/bizon/src/datasets/NFBS_Dataset_NiFi/bias_correction/nfbs_47.nii.gz,/home/bizon/src/datasets/NFBS_Dataset_NiFi/resized_cropped/nfbs_raw47.nii.gz,/home/bizon/src/datasets/NFBS_Dataset_NiFi/resized_cropped/nfbs_mask47.nii.gz,/home/bizon/src/datasets/NFBS_Dataset_NiFi/intensity_norm/nfbs_intensity_norm_47.nii.gz
/home/bizon/src/datasets/NFBS_Dataset/A00055446/sub-A00055446_ses-NFB3_T1w_brainmask.nii.gz,/home/bizon/src/datasets/NFBS_Dataset/A00055446/sub-A00055446_ses-NFB3_T1w_brain.nii.gz,/home/bizon/src/datasets/NFBS_Dataset/A00055446/sub-A00055446_ses-NFB3_T1w.nii.gz,/home/bizon/src/datasets/NFBS_Dataset_NiFi/bias_correction/nfbs_48.nii.gz,/home/bizon/src/datasets/NFBS_Dataset_NiFi/resized_cropped/nfbs_raw48.nii.gz,/home/bizon/src/datasets/NFBS_Dataset_NiFi/resized_cropped/nfbs_mask48.nii.gz,/home/bizon/src/datasets/NFBS_Dataset_NiFi/intensity_norm/nfbs_intensity_norm_48.nii.gz
/home/bizon/src/datasets/NFBS_Dataset/A00063368/sub-A00063368_ses-NFB3_T1w_brainmask.nii.gz,/home/bizon/src/datasets/NFBS_Dataset/A00063368/sub-A00063368_ses-NFB3_T1w_brain.nii.gz,/home/bizon/src/datasets/NFBS_Dataset/A00063368/sub-A00063368_ses-NFB3_T1w.nii.gz,/home/bizon/src/datasets/NFBS_Dataset_NiFi/bias_correction/nfbs_49.nii.gz,/home/bizon/src/datasets/NFBS_Dataset_NiFi/resized_cropped/nfbs_raw49.nii.gz,/home/bizon/src/datasets/NFBS_Dataset_NiFi/resized_cropped/nfbs_mask49.nii.gz,/home/bizon/src/datasets/NFBS_Dataset_NiFi/intensity_norm/nfbs_intensity_norm_49.nii.gz
/home/bizon/src/datasets/NFBS_Dataset/A00056097/sub-A00056097_ses-NFB3_T1w_brainmask.nii.gz,/home/bizon/src/datasets/NFBS_Dataset/A00056097/sub-A00056097_ses-NFB3_T1w_brain.nii.gz,/home/bizon/src/datasets/NFBS_Dataset/A00056097/sub-A00056097_ses-NFB3_T1w.nii.gz,/home/bizon/src/datasets/NFBS_Dataset_NiFi/bias_correction/nfbs_50.nii.gz,/home/bizon/src/datasets/NFBS_Dataset_NiFi/resized_cropped/nfbs_raw50.nii.gz,/home/bizon/src/datasets/NFBS_Dataset_NiFi/resized_cropped/nfbs_mask50.nii.gz,/home/bizon/src/datasets/NFBS_Dataset_NiFi/intensity_norm/nfbs_intensity_norm_50.nii.gz
/home/bizon/src/datasets/NFBS_Dataset/A00053902/sub-A00053902_ses-NFB3_T1w_brainmask.nii.gz,/home/bizon/src/datasets/NFBS_Dataset/A00053902/sub-A00053902_ses-NFB3_T1w_brain.nii.gz,/home/bizon/src/datasets/NFBS_Dataset/A00053902/sub-A00053902_ses-NFB3_T1w.nii.gz,/home/bizon/src/datasets/NFBS_Dataset_NiFi/bias_correction/nfbs_51.nii.gz,/home/bizon/src/datasets/NFBS_Dataset_NiFi/resized_cropped/nfbs_raw51.nii.gz,/home/bizon/src/datasets/NFBS_Dataset_NiFi/resized_cropped/nfbs_mask51.nii.gz,/home/bizon/src/datasets/NFBS_Dataset_NiFi/intensity_norm/nfbs_intensity_norm_51.nii.gz
/home/bizon/src/datasets/NFBS_Dataset/A00061276/sub-A00061276_ses-NFB3_T1w_brainmask.nii.gz,/home/bizon/src/datasets/NFBS_Dataset/A00061276/sub-A00061276_ses-NFB3_T1w_brain.nii.gz,/home/bizon/src/datasets/NFBS_Dataset/A00061276/sub-A00061276_ses-NFB3_T1w.nii.gz,/home/bizon/src/datasets/NFBS_Dataset_NiFi/bias_correction/nfbs_52.nii.gz,/home/bizon/src/datasets/NFBS_Dataset_NiFi/resized_cropped/nfbs_raw52.nii.gz,/home/bizon/src/datasets/NFBS_Dataset_NiFi/resized_cropped/nfbs_mask52.nii.gz,/home/bizon/src/datasets/NFBS_Dataset_NiFi/intensity_norm/nfbs_intensity_norm_52.nii.gz
/home/bizon/src/datasets/NFBS_Dataset/A00060632/sub-A00060632_ses-NFB3_T1w_brainmask.nii.gz,/home/bizon/src/datasets/NFBS_Dataset/A00060632/sub-A00060632_ses-NFB3_T1w_brain.nii.gz,/home/bizon/src/datasets/NFBS_Dataset/A00060632/sub-A00060632_ses-NFB3_T1w.nii.gz,/home/bizon/src/datasets/NFBS_Dataset_NiFi/bias_correction/nfbs_53.nii.gz,/home/bizon/src/datasets/NFBS_Dataset_NiFi/resized_cropped/nfbs_raw53.nii.gz,/home/bizon/src/datasets/NFBS_Dataset_NiFi/resized_cropped/nfbs_mask53.nii.gz,/home/bizon/src/datasets/NFBS_Dataset_NiFi/intensity_norm/nfbs_intensity_norm_53.nii.gz
/home/bizon/src/datasets/NFBS_Dataset/A00055447/sub-A00055447_ses-NFB3_T1w_brainmask.nii.gz,/home/bizon/src/datasets/NFBS_Dataset/A00055447/sub-A00055447_ses-NFB3_T1w_brain.nii.gz,/home/bizon/src/datasets/NFBS_Dataset/A00055447/sub-A00055447_ses-NFB3_T1w.nii.gz,/home/bizon/src/datasets/NFBS_Dataset_NiFi/bias_correction/nfbs_54.nii.gz,/home/bizon/src/datasets/NFBS_Dataset_NiFi/resized_cropped/nfbs_raw54.nii.gz,/home/bizon/src/datasets/NFBS_Dataset_NiFi/resized_cropped/nfbs_mask54.nii.gz,/home/bizon/src/datasets/NFBS_Dataset_NiFi/intensity_norm/nfbs_intensity_norm_54.nii.gz
/home/bizon/src/datasets/NFBS_Dataset/A00062917/sub-A00062917_ses-NFB3_T1w_brainmask.nii.gz,/home/bizon/src/datasets/NFBS_Dataset/A00062917/sub-A00062917_ses-NFB3_T1w_brain.nii.gz,/home/bizon/src/datasets/NFBS_Dataset/A00062917/sub-A00062917_ses-NFB3_T1w.nii.gz,/home/bizon/src/datasets/NFBS_Dataset_NiFi/bias_correction/nfbs_55.nii.gz,/home/bizon/src/datasets/NFBS_Dataset_NiFi/resized_cropped/nfbs_raw55.nii.gz,/home/bizon/src/datasets/NFBS_Dataset_NiFi/resized_cropped/nfbs_mask55.nii.gz,/home/bizon/src/datasets/NFBS_Dataset_NiFi/intensity_norm/nfbs_intensity_norm_55.nii.gz
/home/bizon/src/datasets/NFBS_Dataset/A00037848/sub-A00037848_ses-NFB3_T1w_brainmask.nii.gz,/home/bizon/src/datasets/NFBS_Dataset/A00037848/sub-A00037848_ses-NFB3_T1w_brain.nii.gz,/home/bizon/src/datasets/NFBS_Dataset/A00037848/sub-A00037848_ses-NFB3_T1w.nii.gz,/home/bizon/src/datasets/NFBS_Dataset_NiFi/bias_correction/nfbs_56.nii.gz,/home/bizon/src/datasets/NFBS_Dataset_NiFi/resized_cropped/nfbs_raw56.nii.gz,/home/bizon/src/datasets/NFBS_Dataset_NiFi/resized_cropped/nfbs_mask56.nii.gz,/home/bizon/src/datasets/NFBS_Dataset_NiFi/intensity_norm/nfbs_intensity_norm_56.nii.gz
/home/bizon/src/datasets/NFBS_Dataset/A00056556/sub-A00056556_ses-NFB3_T1w_brainmask.nii.gz,/home/bizon/src/datasets/NFBS_Dataset/A00056556/sub-A00056556_ses-NFB3_T1w_brain.nii.gz,/home/bizon/src/datasets/NFBS_Dataset/A00056556/sub-A00056556_ses-NFB3_T1w.nii.gz,/home/bizon/src/datasets/NFBS_Dataset_NiFi/bias_correction/nfbs_57.nii.gz,/home/bizon/src/datasets/NFBS_Dataset_NiFi/resized_cropped/nfbs_raw57.nii.gz,/home/bizon/src/datasets/NFBS_Dataset_NiFi/resized_cropped/nfbs_mask57.nii.gz,/home/bizon/src/datasets/NFBS_Dataset_NiFi/intensity_norm/nfbs_intensity_norm_57.nii.gz
/home/bizon/src/datasets/NFBS_Dataset/A00058552/sub-A00058552_ses-NFB3_T1w_brainmask.nii.gz,/home/bizon/src/datasets/NFBS_Dataset/A00058552/sub-A00058552_ses-NFB3_T1w_brain.nii.gz,/home/bizon/src/datasets/NFBS_Dataset/A00058552/sub-A00058552_ses-NFB3_T1w.nii.gz,/home/bizon/src/datasets/NFBS_Dataset_NiFi/bias_correction/nfbs_58.nii.gz,/home/bizon/src/datasets/NFBS_Dataset_NiFi/resized_cropped/nfbs_raw58.nii.gz,/home/bizon/src/datasets/NFBS_Dataset_NiFi/resized_cropped/nfbs_mask58.nii.gz,/home/bizon/src/datasets/NFBS_Dataset_NiFi/intensity_norm/nfbs_intensity_norm_58.nii.gz
/home/bizon/src/datasets/NFBS_Dataset/A00051539/sub-A00051539_ses-NFB3_T1w_brainmask.nii.gz,/home/bizon/src/datasets/NFBS_Dataset/A00051539/sub-A00051539_ses-NFB3_T1w_brain.nii.gz,/home/bizon/src/datasets/NFBS_Dataset/A00051539/sub-A00051539_ses-NFB3_T1w.nii.gz,/home/bizon/src/datasets/NFBS_Dataset_NiFi/bias_correction/nfbs_59.nii.gz,/home/bizon/src/datasets/NFBS_Dataset_NiFi/resized_cropped/nfbs_raw59.nii.gz,/home/bizon/src/datasets/NFBS_Dataset_NiFi/resized_cropped/nfbs_mask59.nii.gz,/home/bizon/src/datasets/NFBS_Dataset_NiFi/intensity_norm/nfbs_intensity_norm_59.nii.gz
/home/bizon/src/datasets/NFBS_Dataset/A00052500/sub-A00052500_ses-NFB3_T1w_brainmask.nii.gz,/home/bizon/src/datasets/NFBS_Dataset/A00052500/sub-A00052500_ses-NFB3_T1w_brain.nii.gz,/home/bizon/src/datasets/NFBS_Dataset/A00052500/sub-A00052500_ses-NFB3_T1w.nii.gz,/home/bizon/src/datasets/NFBS_Dataset_NiFi/bias_correction/nfbs_60.nii.gz,/home/bizon/src/datasets/NFBS_Dataset_NiFi/resized_cropped/nfbs_raw60.nii.gz,/home/bizon/src/datasets/NFBS_Dataset_NiFi/resized_cropped/nfbs_mask60.nii.gz,/home/bizon/src/datasets/NFBS_Dataset_NiFi/intensity_norm/nfbs_intensity_norm_60.nii.gz
/home/bizon/src/datasets/NFBS_Dataset/A00057035/sub-A00057035_ses-NFB3_T1w_brainmask.nii.gz,/home/bizon/src/datasets/NFBS_Dataset/A00057035/sub-A00057035_ses-NFB3_T1w_brain.nii.gz,/home/bizon/src/datasets/NFBS_Dataset/A00057035/sub-A00057035_ses-NFB3_T1w.nii.gz,/home/bizon/src/datasets/NFBS_Dataset_NiFi/bias_correction/nfbs_61.nii.gz,/home/bizon/src/datasets/NFBS_Dataset_NiFi/resized_cropped/nfbs_raw61.nii.gz,/home/bizon/src/datasets/NFBS_Dataset_NiFi/resized_cropped/nfbs_mask61.nii.gz,/home/bizon/src/datasets/NFBS_Dataset_NiFi/intensity_norm/nfbs_intensity_norm_61.nii.gz
/home/bizon/src/datasets/NFBS_Dataset/A00058667/sub-A00058667_ses-NFB3_T1w_brainmask.nii.gz,/home/bizon/src/datasets/NFBS_Dataset/A00058667/sub-A00058667_ses-NFB3_T1w_brain.nii.gz,/home/bizon/src/datasets/NFBS_Dataset/A00058667/sub-A00058667_ses-NFB3_T1w.nii.gz,/home/bizon/src/datasets/NFBS_Dataset_NiFi/bias_correction/nfbs_62.nii.gz,/home/bizon/src/datasets/NFBS_Dataset_NiFi/resized_cropped/nfbs_raw62.nii.gz,/home/bizon/src/datasets/NFBS_Dataset_NiFi/resized_cropped/nfbs_mask62.nii.gz,/home/bizon/src/datasets/NFBS_Dataset_NiFi/intensity_norm/nfbs_intensity_norm_62.nii.gz
/home/bizon/src/datasets/NFBS_Dataset/A00043722/sub-A00043722_ses-NFB3_T1w_brainmask.nii.gz,/home/bizon/src/datasets/NFBS_Dataset/A00043722/sub-A00043722_ses-NFB3_T1w_brain.nii.gz,/home/bizon/src/datasets/NFBS_Dataset/A00043722/sub-A00043722_ses-NFB3_T1w.nii.gz,/home/bizon/src/datasets/NFBS_Dataset_NiFi/bias_correction/nfbs_63.nii.gz,/home/bizon/src/datasets/NFBS_Dataset_NiFi/resized_cropped/nfbs_raw63.nii.gz,/home/bizon/src/datasets/NFBS_Dataset_NiFi/resized_cropped/nfbs_mask63.nii.gz,/home/bizon/src/datasets/NFBS_Dataset_NiFi/intensity_norm/nfbs_intensity_norm_63.nii.gz
/home/bizon/src/datasets/NFBS_Dataset/A00057965/sub-A00057965_ses-NFB3_T1w_brainmask.nii.gz,/home/bizon/src/datasets/NFBS_Dataset/A00057965/sub-A00057965_ses-NFB3_T1w_brain.nii.gz,/home/bizon/src/datasets/NFBS_Dataset/A00057965/sub-A00057965_ses-NFB3_T1w.nii.gz,/home/bizon/src/datasets/NFBS_Dataset_NiFi/bias_correction/nfbs_64.nii.gz,/home/bizon/src/datasets/NFBS_Dataset_NiFi/resized_cropped/nfbs_raw64.nii.gz,/home/bizon/src/datasets/NFBS_Dataset_NiFi/resized_cropped/nfbs_mask64.nii.gz,/home/bizon/src/datasets/NFBS_Dataset_NiFi/intensity_norm/nfbs_intensity_norm_64.nii.gz
/home/bizon/src/datasets/NFBS_Dataset/A00040623/sub-A00040623_ses-NFB3_T1w_brainmask.nii.gz,/home/bizon/src/datasets/NFBS_Dataset/A00040623/sub-A00040623_ses-NFB3_T1w_brain.nii.gz,/home/bizon/src/datasets/NFBS_Dataset/A00040623/sub-A00040623_ses-NFB3_T1w.nii.gz,/home/bizon/src/datasets/NFBS_Dataset_NiFi/bias_correction/nfbs_65.nii.gz,/home/bizon/src/datasets/NFBS_Dataset_NiFi/resized_cropped/nfbs_raw65.nii.gz,/home/bizon/src/datasets/NFBS_Dataset_NiFi/resized_cropped/nfbs_mask65.nii.gz,/home/bizon/src/datasets/NFBS_Dataset_NiFi/intensity_norm/nfbs_intensity_norm_65.nii.gz
/home/bizon/src/datasets/NFBS_Dataset/A00039391/sub-A00039391_ses-NFB3_T1w_brainmask.nii.gz,/home/bizon/src/datasets/NFBS_Dataset/A00039391/sub-A00039391_ses-NFB3_T1w_brain.nii.gz,/home/bizon/src/datasets/NFBS_Dataset/A00039391/sub-A00039391_ses-NFB3_T1w.nii.gz,/home/bizon/src/datasets/NFBS_Dataset_NiFi/bias_correction/nfbs_66.nii.gz,/home/bizon/src/datasets/NFBS_Dataset_NiFi/resized_cropped/nfbs_raw66.nii.gz,/home/bizon/src/datasets/NFBS_Dataset_NiFi/resized_cropped/nfbs_mask66.nii.gz,/home/bizon/src/datasets/NFBS_Dataset_NiFi/intensity_norm/nfbs_intensity_norm_66.nii.gz
/home/bizon/src/datasets/NFBS_Dataset/A00053455/sub-A00053455_ses-NFB3_T1w_brainmask.nii.gz,/home/bizon/src/datasets/NFBS_Dataset/A00053455/sub-A00053455_ses-NFB3_T1w_brain.nii.gz,/home/bizon/src/datasets/NFBS_Dataset/A00053455/sub-A00053455_ses-NFB3_T1w.nii.gz,/home/bizon/src/datasets/NFBS_Dataset_NiFi/bias_correction/nfbs_67.nii.gz,/home/bizon/src/datasets/NFBS_Dataset_NiFi/resized_cropped/nfbs_raw67.nii.gz,/home/bizon/src/datasets/NFBS_Dataset_NiFi/resized_cropped/nfbs_mask67.nii.gz,/home/bizon/src/datasets/NFBS_Dataset_NiFi/intensity_norm/nfbs_intensity_norm_67.nii.gz
/home/bizon/src/datasets/NFBS_Dataset/A00043677/sub-A00043677_ses-NFB3_T1w_brainmask.nii.gz,/home/bizon/src/datasets/NFBS_Dataset/A00043677/sub-A00043677_ses-NFB3_T1w_brain.nii.gz,/home/bizon/src/datasets/NFBS_Dataset/A00043677/sub-A00043677_ses-NFB3_T1w.nii.gz,/home/bizon/src/datasets/NFBS_Dataset_NiFi/bias_correction/nfbs_68.nii.gz,/home/bizon/src/datasets/NFBS_Dataset_NiFi/resized_cropped/nfbs_raw68.nii.gz,/home/bizon/src/datasets/NFBS_Dataset_NiFi/resized_cropped/nfbs_mask68.nii.gz,/home/bizon/src/datasets/NFBS_Dataset_NiFi/intensity_norm/nfbs_intensity_norm_68.nii.gz
/home/bizon/src/datasets/NFBS_Dataset/A00058952/sub-A00058952_ses-NFB3_T1w_brainmask.nii.gz,/home/bizon/src/datasets/NFBS_Dataset/A00058952/sub-A00058952_ses-NFB3_T1w_brain.nii.gz,/home/bizon/src/datasets/NFBS_Dataset/A00058952/sub-A00058952_ses-NFB3_T1w.nii.gz,/home/bizon/src/datasets/NFBS_Dataset_NiFi/bias_correction/nfbs_69.nii.gz,/home/bizon/src/datasets/NFBS_Dataset_NiFi/resized_cropped/nfbs_raw69.nii.gz,/home/bizon/src/datasets/NFBS_Dataset_NiFi/resized_cropped/nfbs_mask69.nii.gz,/home/bizon/src/datasets/NFBS_Dataset_NiFi/intensity_norm/nfbs_intensity_norm_69.nii.gz
/home/bizon/src/datasets/NFBS_Dataset/A00061387/sub-A00061387_ses-NFB3_T1w_brainmask.nii.gz,/home/bizon/src/datasets/NFBS_Dataset/A00061387/sub-A00061387_ses-NFB3_T1w_brain.nii.gz,/home/bizon/src/datasets/NFBS_Dataset/A00061387/sub-A00061387_ses-NFB3_T1w.nii.gz,/home/bizon/src/datasets/NFBS_Dataset_NiFi/bias_correction/nfbs_70.nii.gz,/home/bizon/src/datasets/NFBS_Dataset_NiFi/resized_cropped/nfbs_raw70.nii.gz,/home/bizon/src/datasets/NFBS_Dataset_NiFi/resized_cropped/nfbs_mask70.nii.gz,/home/bizon/src/datasets/NFBS_Dataset_NiFi/intensity_norm/nfbs_intensity_norm_70.nii.gz
/home/bizon/src/datasets/NFBS_Dataset/A00054019/sub-A00054019_ses-NFB3_T1w_brainmask.nii.gz,/home/bizon/src/datasets/NFBS_Dataset/A00054019/sub-A00054019_ses-NFB3_T1w_brain.nii.gz,/home/bizon/src/datasets/NFBS_Dataset/A00054019/sub-A00054019_ses-NFB3_T1w.nii.gz,/home/bizon/src/datasets/NFBS_Dataset_NiFi/bias_correction/nfbs_71.nii.gz,/home/bizon/src/datasets/NFBS_Dataset_NiFi/resized_cropped/nfbs_raw71.nii.gz,/home/bizon/src/datasets/NFBS_Dataset_NiFi/resized_cropped/nfbs_mask71.nii.gz,/home/bizon/src/datasets/NFBS_Dataset_NiFi/intensity_norm/nfbs_intensity_norm_71.nii.gz
/home/bizon/src/datasets/NFBS_Dataset/A00062351/sub-A00062351_ses-NFB3_T1w_brainmask.nii.gz,/home/bizon/src/datasets/NFBS_Dataset/A00062351/sub-A00062351_ses-NFB3_T1w_brain.nii.gz,/home/bizon/src/datasets/NFBS_Dataset/A00062351/sub-A00062351_ses-NFB3_T1w.nii.gz,/home/bizon/src/datasets/NFBS_Dataset_NiFi/bias_correction/nfbs_72.nii.gz,/home/bizon/src/datasets/NFBS_Dataset_NiFi/resized_cropped/nfbs_raw72.nii.gz,/home/bizon/src/datasets/NFBS_Dataset_NiFi/resized_cropped/nfbs_mask72.nii.gz,/home/bizon/src/datasets/NFBS_Dataset_NiFi/intensity_norm/nfbs_intensity_norm_72.nii.gz
/home/bizon/src/datasets/NFBS_Dataset/A00053475/sub-A00053475_ses-NFB3_T1w_brainmask.nii.gz,/home/bizon/src/datasets/NFBS_Dataset/A00053475/sub-A00053475_ses-NFB3_T1w_brain.nii.gz,/home/bizon/src/datasets/NFBS_Dataset/A00053475/sub-A00053475_ses-NFB3_T1w.nii.gz,/home/bizon/src/datasets/NFBS_Dataset_NiFi/bias_correction/nfbs_73.nii.gz,/home/bizon/src/datasets/NFBS_Dataset_NiFi/resized_cropped/nfbs_raw73.nii.gz,/home/bizon/src/datasets/NFBS_Dataset_NiFi/resized_cropped/nfbs_mask73.nii.gz,/home/bizon/src/datasets/NFBS_Dataset_NiFi/intensity_norm/nfbs_intensity_norm_73.nii.gz
/home/bizon/src/datasets/NFBS_Dataset/A00032875/sub-A00032875_ses-NFB3_T1w_brainmask.nii.gz,/home/bizon/src/datasets/NFBS_Dataset/A00032875/sub-A00032875_ses-NFB3_T1w_brain.nii.gz,/home/bizon/src/datasets/NFBS_Dataset/A00032875/sub-A00032875_ses-NFB3_T1w.nii.gz,/home/bizon/src/datasets/NFBS_Dataset_NiFi/bias_correction/nfbs_74.nii.gz,/home/bizon/src/datasets/NFBS_Dataset_NiFi/resized_cropped/nfbs_raw74.nii.gz,/home/bizon/src/datasets/NFBS_Dataset_NiFi/resized_cropped/nfbs_mask74.nii.gz,/home/bizon/src/datasets/NFBS_Dataset_NiFi/intensity_norm/nfbs_intensity_norm_74.nii.gz
/home/bizon/src/datasets/NFBS_Dataset/A00043998/sub-A00043998_ses-NFB3_T1w_brainmask.nii.gz,/home/bizon/src/datasets/NFBS_Dataset/A00043998/sub-A00043998_ses-NFB3_T1w_brain.nii.gz,/home/bizon/src/datasets/NFBS_Dataset/A00043998/sub-A00043998_ses-NFB3_T1w.nii.gz,/home/bizon/src/datasets/NFBS_Dataset_NiFi/bias_correction/nfbs_75.nii.gz,/home/bizon/src/datasets/NFBS_Dataset_NiFi/resized_cropped/nfbs_raw75.nii.gz,/home/bizon/src/datasets/NFBS_Dataset_NiFi/resized_cropped/nfbs_mask75.nii.gz,/home/bizon/src/datasets/NFBS_Dataset_NiFi/intensity_norm/nfbs_intensity_norm_75.nii.gz
/home/bizon/src/datasets/NFBS_Dataset/A00052181/sub-A00052181_ses-NFB3_T1w_brainmask.nii.gz,/home/bizon/src/datasets/NFBS_Dataset/A00052181/sub-A00052181_ses-NFB3_T1w_brain.nii.gz,/home/bizon/src/datasets/NFBS_Dataset/A00052181/sub-A00052181_ses-NFB3_T1w.nii.gz,/home/bizon/src/datasets/NFBS_Dataset_NiFi/bias_correction/nfbs_76.nii.gz,/home/bizon/src/datasets/NFBS_Dataset_NiFi/resized_cropped/nfbs_raw76.nii.gz,/home/bizon/src/datasets/NFBS_Dataset_NiFi/resized_cropped/nfbs_mask76.nii.gz,/home/bizon/src/datasets/NFBS_Dataset_NiFi/intensity_norm/nfbs_intensity_norm_76.nii.gz
/home/bizon/src/datasets/NFBS_Dataset/A00064081/sub-A00064081_ses-NFB3_T1w_brainmask.nii.gz,/home/bizon/src/datasets/NFBS_Dataset/A00064081/sub-A00064081_ses-NFB3_T1w_brain.nii.gz,/home/bizon/src/datasets/NFBS_Dataset/A00064081/sub-A00064081_ses-NFB3_T1w.nii.gz,/home/bizon/src/datasets/NFBS_Dataset_NiFi/bias_correction/nfbs_77.nii.gz,/home/bizon/src/datasets/NFBS_Dataset_NiFi/resized_cropped/nfbs_raw77.nii.gz,/home/bizon/src/datasets/NFBS_Dataset_NiFi/resized_cropped/nfbs_mask77.nii.gz,/home/bizon/src/datasets/NFBS_Dataset_NiFi/intensity_norm/nfbs_intensity_norm_77.nii.gz
/home/bizon/src/datasets/NFBS_Dataset/A00060925/sub-A00060925_ses-NFB3_T1w_brainmask.nii.gz,/home/bizon/src/datasets/NFBS_Dataset/A00060925/sub-A00060925_ses-NFB3_T1w_brain.nii.gz,/home/bizon/src/datasets/NFBS_Dataset/A00060925/sub-A00060925_ses-NFB3_T1w.nii.gz,/home/bizon/src/datasets/NFBS_Dataset_NiFi/bias_correction/nfbs_78.nii.gz,/home/bizon/src/datasets/NFBS_Dataset_NiFi/resized_cropped/nfbs_raw78.nii.gz,/home/bizon/src/datasets/NFBS_Dataset_NiFi/resized_cropped/nfbs_mask78.nii.gz,/home/bizon/src/datasets/NFBS_Dataset_NiFi/intensity_norm/nfbs_intensity_norm_78.nii.gz
/home/bizon/src/datasets/NFBS_Dataset/A00040628/sub-A00040628_ses-NFB3_T1w_brainmask.nii.gz,/home/bizon/src/datasets/NFBS_Dataset/A00040628/sub-A00040628_ses-NFB3_T1w_brain.nii.gz,/home/bizon/src/datasets/NFBS_Dataset/A00040628/sub-A00040628_ses-NFB3_T1w.nii.gz,/home/bizon/src/datasets/NFBS_Dataset_NiFi/bias_correction/nfbs_79.nii.gz,/home/bizon/src/datasets/NFBS_Dataset_NiFi/resized_cropped/nfbs_raw79.nii.gz,/home/bizon/src/datasets/NFBS_Dataset_NiFi/resized_cropped/nfbs_mask79.nii.gz,/home/bizon/src/datasets/NFBS_Dataset_NiFi/intensity_norm/nfbs_intensity_norm_79.nii.gz
/home/bizon/src/datasets/NFBS_Dataset/A00060279/sub-A00060279_ses-NFB3_T1w_brainmask.nii.gz,/home/bizon/src/datasets/NFBS_Dataset/A00060279/sub-A00060279_ses-NFB3_T1w_brain.nii.gz,/home/bizon/src/datasets/NFBS_Dataset/A00060279/sub-A00060279_ses-NFB3_T1w.nii.gz,/home/bizon/src/datasets/NFBS_Dataset_NiFi/bias_correction/nfbs_80.nii.gz,/home/bizon/src/datasets/NFBS_Dataset_NiFi/resized_cropped/nfbs_raw80.nii.gz,/home/bizon/src/datasets/NFBS_Dataset_NiFi/resized_cropped/nfbs_mask80.nii.gz,/home/bizon/src/datasets/NFBS_Dataset_NiFi/intensity_norm/nfbs_intensity_norm_80.nii.gz
/home/bizon/src/datasets/NFBS_Dataset/A00057444/sub-A00057444_ses-NFB3_T1w_brainmask.nii.gz,/home/bizon/src/datasets/NFBS_Dataset/A00057444/sub-A00057444_ses-NFB3_T1w_brain.nii.gz,/home/bizon/src/datasets/NFBS_Dataset/A00057444/sub-A00057444_ses-NFB3_T1w.nii.gz,/home/bizon/src/datasets/NFBS_Dataset_NiFi/bias_correction/nfbs_81.nii.gz,/home/bizon/src/datasets/NFBS_Dataset_NiFi/resized_cropped/nfbs_raw81.nii.gz,/home/bizon/src/datasets/NFBS_Dataset_NiFi/resized_cropped/nfbs_mask81.nii.gz,/home/bizon/src/datasets/NFBS_Dataset_NiFi/intensity_norm/nfbs_intensity_norm_81.nii.gz
/home/bizon/src/datasets/NFBS_Dataset/A00060006/sub-A00060006_ses-NFB3_T1w_brainmask.nii.gz,/home/bizon/src/datasets/NFBS_Dataset/A00060006/sub-A00060006_ses-NFB3_T1w_brain.nii.gz,/home/bizon/src/datasets/NFBS_Dataset/A00060006/sub-A00060006_ses-NFB3_T1w.nii.gz,/home/bizon/src/datasets/NFBS_Dataset_NiFi/bias_correction/nfbs_82.nii.gz,/home/bizon/src/datasets/NFBS_Dataset_NiFi/resized_cropped/nfbs_raw82.nii.gz,/home/bizon/src/datasets/NFBS_Dataset_NiFi/resized_cropped/nfbs_mask82.nii.gz,/home/bizon/src/datasets/NFBS_Dataset_NiFi/intensity_norm/nfbs_intensity_norm_82.nii.gz
/home/bizon/src/datasets/NFBS_Dataset/A00062942/sub-A00062942_ses-NFB3_T1w_brainmask.nii.gz,/home/bizon/src/datasets/NFBS_Dataset/A00062942/sub-A00062942_ses-NFB3_T1w_brain.nii.gz,/home/bizon/src/datasets/NFBS_Dataset/A00062942/sub-A00062942_ses-NFB3_T1w.nii.gz,/home/bizon/src/datasets/NFBS_Dataset_NiFi/bias_correction/nfbs_83.nii.gz,/home/bizon/src/datasets/NFBS_Dataset_NiFi/resized_cropped/nfbs_raw83.nii.gz,/home/bizon/src/datasets/NFBS_Dataset_NiFi/resized_cropped/nfbs_mask83.nii.gz,/home/bizon/src/datasets/NFBS_Dataset_NiFi/intensity_norm/nfbs_intensity_norm_83.nii.gz
/home/bizon/src/datasets/NFBS_Dataset/A00058214/sub-A00058214_ses-NFB3_T1w_brainmask.nii.gz,/home/bizon/src/datasets/NFBS_Dataset/A00058214/sub-A00058214_ses-NFB3_T1w_brain.nii.gz,/home/bizon/src/datasets/NFBS_Dataset/A00058214/sub-A00058214_ses-NFB3_T1w.nii.gz,/home/bizon/src/datasets/NFBS_Dataset_NiFi/bias_correction/nfbs_84.nii.gz,/home/bizon/src/datasets/NFBS_Dataset_NiFi/resized_cropped/nfbs_raw84.nii.gz,/home/bizon/src/datasets/NFBS_Dataset_NiFi/resized_cropped/nfbs_mask84.nii.gz,/home/bizon/src/datasets/NFBS_Dataset_NiFi/intensity_norm/nfbs_intensity_norm_84.nii.gz
/home/bizon/src/datasets/NFBS_Dataset/A00059428/sub-A00059428_ses-NFB3_T1w_brainmask.nii.gz,/home/bizon/src/datasets/NFBS_Dataset/A00059428/sub-A00059428_ses-NFB3_T1w_brain.nii.gz,/home/bizon/src/datasets/NFBS_Dataset/A00059428/sub-A00059428_ses-NFB3_T1w.nii.gz,/home/bizon/src/datasets/NFBS_Dataset_NiFi/bias_correction/nfbs_85.nii.gz,/home/bizon/src/datasets/NFBS_Dataset_NiFi/resized_cropped/nfbs_raw85.nii.gz,/home/bizon/src/datasets/NFBS_Dataset_NiFi/resized_cropped/nfbs_mask85.nii.gz,/home/bizon/src/datasets/NFBS_Dataset_NiFi/intensity_norm/nfbs_intensity_norm_85.nii.gz
/home/bizon/src/datasets/NFBS_Dataset/A00034854/sub-A00034854_ses-NFB3_T1w_brainmask.nii.gz,/home/bizon/src/datasets/NFBS_Dataset/A00034854/sub-A00034854_ses-NFB3_T1w_brain.nii.gz,/home/bizon/src/datasets/NFBS_Dataset/A00034854/sub-A00034854_ses-NFB3_T1w.nii.gz,/home/bizon/src/datasets/NFBS_Dataset_NiFi/bias_correction/nfbs_86.nii.gz,/home/bizon/src/datasets/NFBS_Dataset_NiFi/resized_cropped/nfbs_raw86.nii.gz,/home/bizon/src/datasets/NFBS_Dataset_NiFi/resized_cropped/nfbs_mask86.nii.gz,/home/bizon/src/datasets/NFBS_Dataset_NiFi/intensity_norm/nfbs_intensity_norm_86.nii.gz
/home/bizon/src/datasets/NFBS_Dataset/A00060480/sub-A00060480_ses-NFB3_T1w_brainmask.nii.gz,/home/bizon/src/datasets/NFBS_Dataset/A00060480/sub-A00060480_ses-NFB3_T1w_brain.nii.gz,/home/bizon/src/datasets/NFBS_Dataset/A00060480/sub-A00060480_ses-NFB3_T1w.nii.gz,/home/bizon/src/datasets/NFBS_Dataset_NiFi/bias_correction/nfbs_87.nii.gz,/home/bizon/src/datasets/NFBS_Dataset_NiFi/resized_cropped/nfbs_raw87.nii.gz,/home/bizon/src/datasets/NFBS_Dataset_NiFi/resized_cropped/nfbs_mask87.nii.gz,/home/bizon/src/datasets/NFBS_Dataset_NiFi/intensity_norm/nfbs_intensity_norm_87.nii.gz
/home/bizon/src/datasets/NFBS_Dataset/A00058999/sub-A00058999_ses-NFB3_T1w_brainmask.nii.gz,/home/bizon/src/datasets/NFBS_Dataset/A00058999/sub-A00058999_ses-NFB3_T1w_brain.nii.gz,/home/bizon/src/datasets/NFBS_Dataset/A00058999/sub-A00058999_ses-NFB3_T1w.nii.gz,/home/bizon/src/datasets/NFBS_Dataset_NiFi/bias_correction/nfbs_88.nii.gz,/home/bizon/src/datasets/NFBS_Dataset_NiFi/resized_cropped/nfbs_raw88.nii.gz,/home/bizon/src/datasets/NFBS_Dataset_NiFi/resized_cropped/nfbs_mask88.nii.gz,/home/bizon/src/datasets/NFBS_Dataset_NiFi/intensity_norm/nfbs_intensity_norm_88.nii.gz
/home/bizon/src/datasets/NFBS_Dataset/A00061711/sub-A00061711_ses-NFB3_T1w_brainmask.nii.gz,/home/bizon/src/datasets/NFBS_Dataset/A00061711/sub-A00061711_ses-NFB3_T1w_brain.nii.gz,/home/bizon/src/datasets/NFBS_Dataset/A00061711/sub-A00061711_ses-NFB3_T1w.nii.gz,/home/bizon/src/datasets/NFBS_Dataset_NiFi/bias_correction/nfbs_89.nii.gz,/home/bizon/src/datasets/NFBS_Dataset_NiFi/resized_cropped/nfbs_raw89.nii.gz,/home/bizon/src/datasets/NFBS_Dataset_NiFi/resized_cropped/nfbs_mask89.nii.gz,/home/bizon/src/datasets/NFBS_Dataset_NiFi/intensity_norm/nfbs_intensity_norm_89.nii.gz
/home/bizon/src/datasets/NFBS_Dataset/A00057005/sub-A00057005_ses-NFB3_T1w_brainmask.nii.gz,/home/bizon/src/datasets/NFBS_Dataset/A00057005/sub-A00057005_ses-NFB3_T1w_brain.nii.gz,/home/bizon/src/datasets/NFBS_Dataset/A00057005/sub-A00057005_ses-NFB3_T1w.nii.gz,/home/bizon/src/datasets/NFBS_Dataset_NiFi/bias_correction/nfbs_90.nii.gz,/home/bizon/src/datasets/NFBS_Dataset_NiFi/resized_cropped/nfbs_raw90.nii.gz,/home/bizon/src/datasets/NFBS_Dataset_NiFi/resized_cropped/nfbs_mask90.nii.gz,/home/bizon/src/datasets/NFBS_Dataset_NiFi/intensity_norm/nfbs_intensity_norm_90.nii.gz
/home/bizon/src/datasets/NFBS_Dataset/A00052560/sub-A00052560_ses-NFB3_T1w_brainmask.nii.gz,/home/bizon/src/datasets/NFBS_Dataset/A00052560/sub-A00052560_ses-NFB3_T1w_brain.nii.gz,/home/bizon/src/datasets/NFBS_Dataset/A00052560/sub-A00052560_ses-NFB3_T1w.nii.gz,/home/bizon/src/datasets/NFBS_Dataset_NiFi/bias_correction/nfbs_91.nii.gz,/home/bizon/src/datasets/NFBS_Dataset_NiFi/resized_cropped/nfbs_raw91.nii.gz,/home/bizon/src/datasets/NFBS_Dataset_NiFi/resized_cropped/nfbs_mask91.nii.gz,/home/bizon/src/datasets/NFBS_Dataset_NiFi/intensity_norm/nfbs_intensity_norm_91.nii.gz
/home/bizon/src/datasets/NFBS_Dataset/A00043721/sub-A00043721_ses-NFB3_T1w_brainmask.nii.gz,/home/bizon/src/datasets/NFBS_Dataset/A00043721/sub-A00043721_ses-NFB3_T1w_brain.nii.gz,/home/bizon/src/datasets/NFBS_Dataset/A00043721/sub-A00043721_ses-NFB3_T1w.nii.gz,/home/bizon/src/datasets/NFBS_Dataset_NiFi/bias_correction/nfbs_92.nii.gz,/home/bizon/src/datasets/NFBS_Dataset_NiFi/resized_cropped/nfbs_raw92.nii.gz,/home/bizon/src/datasets/NFBS_Dataset_NiFi/resized_cropped/nfbs_mask92.nii.gz,/home/bizon/src/datasets/NFBS_Dataset_NiFi/intensity_norm/nfbs_intensity_norm_92.nii.gz
/home/bizon/src/datasets/NFBS_Dataset/A00054857/sub-A00054857_ses-NFB3_T1w_brainmask.nii.gz,/home/bizon/src/datasets/NFBS_Dataset/A00054857/sub-A00054857_ses-NFB3_T1w_brain.nii.gz,/home/bizon/src/datasets/NFBS_Dataset/A00054857/sub-A00054857_ses-NFB3_T1w.nii.gz,/home/bizon/src/datasets/NFBS_Dataset_NiFi/bias_correction/nfbs_93.nii.gz,/home/bizon/src/datasets/NFBS_Dataset_NiFi/resized_cropped/nfbs_raw93.nii.gz,/home/bizon/src/datasets/NFBS_Dataset_NiFi/resized_cropped/nfbs_mask93.nii.gz,/home/bizon/src/datasets/NFBS_Dataset_NiFi/intensity_norm/nfbs_intensity_norm_93.nii.gz
/home/bizon/src/datasets/NFBS_Dataset/A00059756/sub-A00059756_ses-NFB3_T1w_brainmask.nii.gz,/home/bizon/src/datasets/NFBS_Dataset/A00059756/sub-A00059756_ses-NFB3_T1w_brain.nii.gz,/home/bizon/src/datasets/NFBS_Dataset/A00059756/sub-A00059756_ses-NFB3_T1w.nii.gz,/home/bizon/src/datasets/NFBS_Dataset_NiFi/bias_correction/nfbs_94.nii.gz,/home/bizon/src/datasets/NFBS_Dataset_NiFi/resized_cropped/nfbs_raw94.nii.gz,/home/bizon/src/datasets/NFBS_Dataset_NiFi/resized_cropped/nfbs_mask94.nii.gz,/home/bizon/src/datasets/NFBS_Dataset_NiFi/intensity_norm/nfbs_intensity_norm_94.nii.gz
/home/bizon/src/datasets/NFBS_Dataset/A00059845/sub-A00059845_ses-NFB3_T1w_brainmask.nii.gz,/home/bizon/src/datasets/NFBS_Dataset/A00059845/sub-A00059845_ses-NFB3_T1w_brain.nii.gz,/home/bizon/src/datasets/NFBS_Dataset/A00059845/sub-A00059845_ses-NFB3_T1w.nii.gz,/home/bizon/src/datasets/NFBS_Dataset_NiFi/bias_correction/nfbs_95.nii.gz,/home/bizon/src/datasets/NFBS_Dataset_NiFi/resized_cropped/nfbs_raw95.nii.gz,/home/bizon/src/datasets/NFBS_Dataset_NiFi/resized_cropped/nfbs_mask95.nii.gz,/home/bizon/src/datasets/NFBS_Dataset_NiFi/intensity_norm/nfbs_intensity_norm_95.nii.gz
/home/bizon/src/datasets/NFBS_Dataset/A00063103/sub-A00063103_ses-NFB3_T1w_brainmask.nii.gz,/home/bizon/src/datasets/NFBS_Dataset/A00063103/sub-A00063103_ses-NFB3_T1w_brain.nii.gz,/home/bizon/src/datasets/NFBS_Dataset/A00063103/sub-A00063103_ses-NFB3_T1w.nii.gz,/home/bizon/src/datasets/NFBS_Dataset_NiFi/bias_correction/nfbs_96.nii.gz,/home/bizon/src/datasets/NFBS_Dataset_NiFi/resized_cropped/nfbs_raw96.nii.gz,/home/bizon/src/datasets/NFBS_Dataset_NiFi/resized_cropped/nfbs_mask96.nii.gz,/home/bizon/src/datasets/NFBS_Dataset_NiFi/intensity_norm/nfbs_intensity_norm_96.nii.gz
/home/bizon/src/datasets/NFBS_Dataset/A00059344/sub-A00059344_ses-NFB3_T1w_brainmask.nii.gz,/home/bizon/src/datasets/NFBS_Dataset/A00059344/sub-A00059344_ses-NFB3_T1w_brain.nii.gz,/home/bizon/src/datasets/NFBS_Dataset/A00059344/sub-A00059344_ses-NFB3_T1w.nii.gz,/home/bizon/src/datasets/NFBS_Dataset_NiFi/bias_correction/nfbs_97.nii.gz,/home/bizon/src/datasets/NFBS_Dataset_NiFi/resized_cropped/nfbs_raw97.nii.gz,/home/bizon/src/datasets/NFBS_Dataset_NiFi/resized_cropped/nfbs_mask97.nii.gz,/home/bizon/src/datasets/NFBS_Dataset_NiFi/intensity_norm/nfbs_intensity_norm_97.nii.gz
/home/bizon/src/datasets/NFBS_Dataset/A00056949/sub-A00056949_ses-NFB3_T1w_brainmask.nii.gz,/home/bizon/src/datasets/NFBS_Dataset/A00056949/sub-A00056949_ses-NFB3_T1w_brain.nii.gz,/home/bizon/src/datasets/NFBS_Dataset/A00056949/sub-A00056949_ses-NFB3_T1w.nii.gz,/home/bizon/src/datasets/NFBS_Dataset_NiFi/bias_correction/nfbs_98.nii.gz,/home/bizon/src/datasets/NFBS_Dataset_NiFi/resized_cropped/nfbs_raw98.nii.gz,/home/bizon/src/datasets/NFBS_Dataset_NiFi/resized_cropped/nfbs_mask98.nii.gz,/home/bizon/src/datasets/NFBS_Dataset_NiFi/intensity_norm/nfbs_intensity_norm_98.nii.gz
/home/bizon/src/datasets/NFBS_Dataset/A00057203/sub-A00057203_ses-NFB3_T1w_brainmask.nii.gz,/home/bizon/src/datasets/NFBS_Dataset/A00057203/sub-A00057203_ses-NFB3_T1w_brain.nii.gz,/home/bizon/src/datasets/NFBS_Dataset/A00057203/sub-A00057203_ses-NFB3_T1w.nii.gz,/home/bizon/src/datasets/NFBS_Dataset_NiFi/bias_correction/nfbs_99.nii.gz,/home/bizon/src/datasets/NFBS_Dataset_NiFi/resized_cropped/nfbs_raw99.nii.gz,/home/bizon/src/datasets/NFBS_Dataset_NiFi/resized_cropped/nfbs_mask99.nii.gz,/home/bizon/src/datasets/NFBS_Dataset_NiFi/intensity_norm/nfbs_intensity_norm_99.nii.gz
/home/bizon/src/datasets/NFBS_Dataset/A00060407/sub-A00060407_ses-NFB3_T1w_brainmask.nii.gz,/home/bizon/src/datasets/NFBS_Dataset/A00060407/sub-A00060407_ses-NFB3_T1w_brain.nii.gz,/home/bizon/src/datasets/NFBS_Dataset/A00060407/sub-A00060407_ses-NFB3_T1w.nii.gz,/home/bizon/src/datasets/NFBS_Dataset_NiFi/bias_correction/nfbs_100.nii.gz,/home/bizon/src/datasets/NFBS_Dataset_NiFi/resized_cropped/nfbs_raw100.nii.gz,/home/bizon/src/datasets/NFBS_Dataset_NiFi/resized_cropped/nfbs_mask100.nii.gz,/home/bizon/src/datasets/NFBS_Dataset_NiFi/intensity_norm/nfbs_intensity_norm_100.nii.gz
/home/bizon/src/datasets/NFBS_Dataset/A00053851/sub-A00053851_ses-NFB3_T1w_brainmask.nii.gz,/home/bizon/src/datasets/NFBS_Dataset/A00053851/sub-A00053851_ses-NFB3_T1w_brain.nii.gz,/home/bizon/src/datasets/NFBS_Dataset/A00053851/sub-A00053851_ses-NFB3_T1w.nii.gz,/home/bizon/src/datasets/NFBS_Dataset_NiFi/bias_correction/nfbs_101.nii.gz,/home/bizon/src/datasets/NFBS_Dataset_NiFi/resized_cropped/nfbs_raw101.nii.gz,/home/bizon/src/datasets/NFBS_Dataset_NiFi/resized_cropped/nfbs_mask101.nii.gz,/home/bizon/src/datasets/NFBS_Dataset_NiFi/intensity_norm/nfbs_intensity_norm_101.nii.gz
/home/bizon/src/datasets/NFBS_Dataset/A00035827/sub-A00035827_ses-NFB3_T1w_brainmask.nii.gz,/home/bizon/src/datasets/NFBS_Dataset/A00035827/sub-A00035827_ses-NFB3_T1w_brain.nii.gz,/home/bizon/src/datasets/NFBS_Dataset/A00035827/sub-A00035827_ses-NFB3_T1w.nii.gz,/home/bizon/src/datasets/NFBS_Dataset_NiFi/bias_correction/nfbs_102.nii.gz,/home/bizon/src/datasets/NFBS_Dataset_NiFi/resized_cropped/nfbs_raw102.nii.gz,/home/bizon/src/datasets/NFBS_Dataset_NiFi/resized_cropped/nfbs_mask102.nii.gz,/home/bizon/src/datasets/NFBS_Dataset_NiFi/intensity_norm/nfbs_intensity_norm_102.nii.gz
/home/bizon/src/datasets/NFBS_Dataset/A00063326/sub-A00063326_ses-NFB3_T1w_brainmask.nii.gz,/home/bizon/src/datasets/NFBS_Dataset/A00063326/sub-A00063326_ses-NFB3_T1w_brain.nii.gz,/home/bizon/src/datasets/NFBS_Dataset/A00063326/sub-A00063326_ses-NFB3_T1w.nii.gz,/home/bizon/src/datasets/NFBS_Dataset_NiFi/bias_correction/nfbs_103.nii.gz,/home/bizon/src/datasets/NFBS_Dataset_NiFi/resized_cropped/nfbs_raw103.nii.gz,/home/bizon/src/datasets/NFBS_Dataset_NiFi/resized_cropped/nfbs_mask103.nii.gz,/home/bizon/src/datasets/NFBS_Dataset_NiFi/intensity_norm/nfbs_intensity_norm_103.nii.gz
/home/bizon/src/datasets/NFBS_Dataset/A00062266/sub-A00062266_ses-NFB3_T1w_brainmask.nii.gz,/home/bizon/src/datasets/NFBS_Dataset/A00062266/sub-A00062266_ses-NFB3_T1w_brain.nii.gz,/home/bizon/src/datasets/NFBS_Dataset/A00062266/sub-A00062266_ses-NFB3_T1w.nii.gz,/home/bizon/src/datasets/NFBS_Dataset_NiFi/bias_correction/nfbs_104.nii.gz,/home/bizon/src/datasets/NFBS_Dataset_NiFi/resized_cropped/nfbs_raw104.nii.gz,/home/bizon/src/datasets/NFBS_Dataset_NiFi/resized_cropped/nfbs_mask104.nii.gz,/home/bizon/src/datasets/NFBS_Dataset_NiFi/intensity_norm/nfbs_intensity_norm_104.nii.gz
/home/bizon/src/datasets/NFBS_Dataset/A00058503/sub-A00058503_ses-NFB3_T1w_brainmask.nii.gz,/home/bizon/src/datasets/NFBS_Dataset/A00058503/sub-A00058503_ses-NFB3_T1w_brain.nii.gz,/home/bizon/src/datasets/NFBS_Dataset/A00058503/sub-A00058503_ses-NFB3_T1w.nii.gz,/home/bizon/src/datasets/NFBS_Dataset_NiFi/bias_correction/nfbs_105.nii.gz,/home/bizon/src/datasets/NFBS_Dataset_NiFi/resized_cropped/nfbs_raw105.nii.gz,/home/bizon/src/datasets/NFBS_Dataset_NiFi/resized_cropped/nfbs_mask105.nii.gz,/home/bizon/src/datasets/NFBS_Dataset_NiFi/intensity_norm/nfbs_intensity_norm_105.nii.gz
/home/bizon/src/datasets/NFBS_Dataset/A00060848/sub-A00060848_ses-NFB3_T1w_brainmask.nii.gz,/home/bizon/src/datasets/NFBS_Dataset/A00060848/sub-A00060848_ses-NFB3_T1w_brain.nii.gz,/home/bizon/src/datasets/NFBS_Dataset/A00060848/sub-A00060848_ses-NFB3_T1w.nii.gz,/home/bizon/src/datasets/NFBS_Dataset_NiFi/bias_correction/nfbs_106.nii.gz,/home/bizon/src/datasets/NFBS_Dataset_NiFi/resized_cropped/nfbs_raw106.nii.gz,/home/bizon/src/datasets/NFBS_Dataset_NiFi/resized_cropped/nfbs_mask106.nii.gz,/home/bizon/src/datasets/NFBS_Dataset_NiFi/intensity_norm/nfbs_intensity_norm_106.nii.gz
/home/bizon/src/datasets/NFBS_Dataset/A00028352/sub-A00028352_ses-NFB3_T1w_brainmask.nii.gz,/home/bizon/src/datasets/NFBS_Dataset/A00028352/sub-A00028352_ses-NFB3_T1w_brain.nii.gz,/home/bizon/src/datasets/NFBS_Dataset/A00028352/sub-A00028352_ses-NFB3_T1w.nii.gz,/home/bizon/src/datasets/NFBS_Dataset_NiFi/bias_correction/nfbs_107.nii.gz,/home/bizon/src/datasets/NFBS_Dataset_NiFi/resized_cropped/nfbs_raw107.nii.gz,/home/bizon/src/datasets/NFBS_Dataset_NiFi/resized_cropped/nfbs_mask107.nii.gz,/home/bizon/src/datasets/NFBS_Dataset_NiFi/intensity_norm/nfbs_intensity_norm_107.nii.gz
/home/bizon/src/datasets/NFBS_Dataset/A00037112/sub-A00037112_ses-NFB3_T1w_brainmask.nii.gz,/home/bizon/src/datasets/NFBS_Dataset/A00037112/sub-A00037112_ses-NFB3_T1w_brain.nii.gz,/home/bizon/src/datasets/NFBS_Dataset/A00037112/sub-A00037112_ses-NFB3_T1w.nii.gz,/home/bizon/src/datasets/NFBS_Dataset_NiFi/bias_correction/nfbs_108.nii.gz,/home/bizon/src/datasets/NFBS_Dataset_NiFi/resized_cropped/nfbs_raw108.nii.gz,/home/bizon/src/datasets/NFBS_Dataset_NiFi/resized_cropped/nfbs_mask108.nii.gz,/home/bizon/src/datasets/NFBS_Dataset_NiFi/intensity_norm/nfbs_intensity_norm_108.nii.gz
/home/bizon/src/datasets/NFBS_Dataset/A00057372/sub-A00057372_ses-NFB3_T1w_brainmask.nii.gz,/home/bizon/src/datasets/NFBS_Dataset/A00057372/sub-A00057372_ses-NFB3_T1w_brain.nii.gz,/home/bizon/src/datasets/NFBS_Dataset/A00057372/sub-A00057372_ses-NFB3_T1w.nii.gz,/home/bizon/src/datasets/NFBS_Dataset_NiFi/bias_correction/nfbs_109.nii.gz,/home/bizon/src/datasets/NFBS_Dataset_NiFi/resized_cropped/nfbs_raw109.nii.gz,/home/bizon/src/datasets/NFBS_Dataset_NiFi/resized_cropped/nfbs_mask109.nii.gz,/home/bizon/src/datasets/NFBS_Dataset_NiFi/intensity_norm/nfbs_intensity_norm_109.nii.gz
/home/bizon/src/datasets/NFBS_Dataset/A00062210/sub-A00062210_ses-NFB3_T1w_brainmask.nii.gz,/home/bizon/src/datasets/NFBS_Dataset/A00062210/sub-A00062210_ses-NFB3_T1w_brain.nii.gz,/home/bizon/src/datasets/NFBS_Dataset/A00062210/sub-A00062210_ses-NFB3_T1w.nii.gz,/home/bizon/src/datasets/NFBS_Dataset_NiFi/bias_correction/nfbs_110.nii.gz,/home/bizon/src/datasets/NFBS_Dataset_NiFi/resized_cropped/nfbs_raw110.nii.gz,/home/bizon/src/datasets/NFBS_Dataset_NiFi/resized_cropped/nfbs_mask110.nii.gz,/home/bizon/src/datasets/NFBS_Dataset_NiFi/intensity_norm/nfbs_intensity_norm_110.nii.gz
/home/bizon/src/datasets/NFBS_Dataset/A00055121/sub-A00055121_ses-NFB3_T1w_brainmask.nii.gz,/home/bizon/src/datasets/NFBS_Dataset/A00055121/sub-A00055121_ses-NFB3_T1w_brain.nii.gz,/home/bizon/src/datasets/NFBS_Dataset/A00055121/sub-A00055121_ses-NFB3_T1w.nii.gz,/home/bizon/src/datasets/NFBS_Dataset_NiFi/bias_correction/nfbs_111.nii.gz,/home/bizon/src/datasets/NFBS_Dataset_NiFi/resized_cropped/nfbs_raw111.nii.gz,/home/bizon/src/datasets/NFBS_Dataset_NiFi/resized_cropped/nfbs_mask111.nii.gz,/home/bizon/src/datasets/NFBS_Dataset_NiFi/intensity_norm/nfbs_intensity_norm_111.nii.gz
/home/bizon/src/datasets/NFBS_Dataset/A00051548/sub-A00051548_ses-NFB3_T1w_brainmask.nii.gz,/home/bizon/src/datasets/NFBS_Dataset/A00051548/sub-A00051548_ses-NFB3_T1w_brain.nii.gz,/home/bizon/src/datasets/NFBS_Dataset/A00051548/sub-A00051548_ses-NFB3_T1w.nii.gz,/home/bizon/src/datasets/NFBS_Dataset_NiFi/bias_correction/nfbs_112.nii.gz,/home/bizon/src/datasets/NFBS_Dataset_NiFi/resized_cropped/nfbs_raw112.nii.gz,/home/bizon/src/datasets/NFBS_Dataset_NiFi/resized_cropped/nfbs_mask112.nii.gz,/home/bizon/src/datasets/NFBS_Dataset_NiFi/intensity_norm/nfbs_intensity_norm_112.nii.gz
/home/bizon/src/datasets/NFBS_Dataset/A00040151/sub-A00040151_ses-NFB3_T1w_brainmask.nii.gz,/home/bizon/src/datasets/NFBS_Dataset/A00040151/sub-A00040151_ses-NFB3_T1w_brain.nii.gz,/home/bizon/src/datasets/NFBS_Dataset/A00040151/sub-A00040151_ses-NFB3_T1w.nii.gz,/home/bizon/src/datasets/NFBS_Dataset_NiFi/bias_correction/nfbs_113.nii.gz,/home/bizon/src/datasets/NFBS_Dataset_NiFi/resized_cropped/nfbs_raw113.nii.gz,/home/bizon/src/datasets/NFBS_Dataset_NiFi/resized_cropped/nfbs_mask113.nii.gz,/home/bizon/src/datasets/NFBS_Dataset_NiFi/intensity_norm/nfbs_intensity_norm_113.nii.gz
/home/bizon/src/datasets/NFBS_Dataset/A00060259/sub-A00060259_ses-NFB3_T1w_brainmask.nii.gz,/home/bizon/src/datasets/NFBS_Dataset/A00060259/sub-A00060259_ses-NFB3_T1w_brain.nii.gz,/home/bizon/src/datasets/NFBS_Dataset/A00060259/sub-A00060259_ses-NFB3_T1w.nii.gz,/home/bizon/src/datasets/NFBS_Dataset_NiFi/bias_correction/nfbs_114.nii.gz,/home/bizon/src/datasets/NFBS_Dataset_NiFi/resized_cropped/nfbs_raw114.nii.gz,/home/bizon/src/datasets/NFBS_Dataset_NiFi/resized_cropped/nfbs_mask114.nii.gz,/home/bizon/src/datasets/NFBS_Dataset_NiFi/intensity_norm/nfbs_intensity_norm_114.nii.gz
/home/bizon/src/datasets/NFBS_Dataset/A00056898/sub-A00056898_ses-NFB3_T1w_brainmask.nii.gz,/home/bizon/src/datasets/NFBS_Dataset/A00056898/sub-A00056898_ses-NFB3_T1w_brain.nii.gz,/home/bizon/src/datasets/NFBS_Dataset/A00056898/sub-A00056898_ses-NFB3_T1w.nii.gz,/home/bizon/src/datasets/NFBS_Dataset_NiFi/bias_correction/nfbs_115.nii.gz,/home/bizon/src/datasets/NFBS_Dataset_NiFi/resized_cropped/nfbs_raw115.nii.gz,/home/bizon/src/datasets/NFBS_Dataset_NiFi/resized_cropped/nfbs_mask115.nii.gz,/home/bizon/src/datasets/NFBS_Dataset_NiFi/intensity_norm/nfbs_intensity_norm_115.nii.gz
/home/bizon/src/datasets/NFBS_Dataset/A00035840/sub-A00035840_ses-NFB3_T1w_brainmask.nii.gz,/home/bizon/src/datasets/NFBS_Dataset/A00035840/sub-A00035840_ses-NFB3_T1w_brain.nii.gz,/home/bizon/src/datasets/NFBS_Dataset/A00035840/sub-A00035840_ses-NFB3_T1w.nii.gz,/home/bizon/src/datasets/NFBS_Dataset_NiFi/bias_correction/nfbs_116.nii.gz,/home/bizon/src/datasets/NFBS_Dataset_NiFi/resized_cropped/nfbs_raw116.nii.gz,/home/bizon/src/datasets/NFBS_Dataset_NiFi/resized_cropped/nfbs_mask116.nii.gz,/home/bizon/src/datasets/NFBS_Dataset_NiFi/intensity_norm/nfbs_intensity_norm_116.nii.gz
/home/bizon/src/datasets/NFBS_Dataset/A00037511/sub-A00037511_ses-NFB3_T1w_brainmask.nii.gz,/home/bizon/src/datasets/NFBS_Dataset/A00037511/sub-A00037511_ses-NFB3_T1w_brain.nii.gz,/home/bizon/src/datasets/NFBS_Dataset/A00037511/sub-A00037511_ses-NFB3_T1w.nii.gz,/home/bizon/src/datasets/NFBS_Dataset_NiFi/bias_correction/nfbs_117.nii.gz,/home/bizon/src/datasets/NFBS_Dataset_NiFi/resized_cropped/nfbs_raw117.nii.gz,/home/bizon/src/datasets/NFBS_Dataset_NiFi/resized_cropped/nfbs_mask117.nii.gz,/home/bizon/src/datasets/NFBS_Dataset_NiFi/intensity_norm/nfbs_intensity_norm_117.nii.gz
/home/bizon/src/datasets/NFBS_Dataset/A00063589/sub-A00063589_ses-NFB3_T1w_brainmask.nii.gz,/home/bizon/src/datasets/NFBS_Dataset/A00063589/sub-A00063589_ses-NFB3_T1w_brain.nii.gz,/home/bizon/src/datasets/NFBS_Dataset/A00063589/sub-A00063589_ses-NFB3_T1w.nii.gz,/home/bizon/src/datasets/NFBS_Dataset_NiFi/bias_correction/nfbs_118.nii.gz,/home/bizon/src/datasets/NFBS_Dataset_NiFi/resized_cropped/nfbs_raw118.nii.gz,/home/bizon/src/datasets/NFBS_Dataset_NiFi/resized_cropped/nfbs_mask118.nii.gz,/home/bizon/src/datasets/NFBS_Dataset_NiFi/intensity_norm/nfbs_intensity_norm_118.nii.gz
/home/bizon/src/datasets/NFBS_Dataset/A00035072/sub-A00035072_ses-NFB3_T1w_brainmask.nii.gz,/home/bizon/src/datasets/NFBS_Dataset/A00035072/sub-A00035072_ses-NFB3_T1w_brain.nii.gz,/home/bizon/src/datasets/NFBS_Dataset/A00035072/sub-A00035072_ses-NFB3_T1w.nii.gz,/home/bizon/src/datasets/NFBS_Dataset_NiFi/bias_correction/nfbs_119.nii.gz,/home/bizon/src/datasets/NFBS_Dataset_NiFi/resized_cropped/nfbs_raw119.nii.gz,/home/bizon/src/datasets/NFBS_Dataset_NiFi/resized_cropped/nfbs_mask119.nii.gz,/home/bizon/src/datasets/NFBS_Dataset_NiFi/intensity_norm/nfbs_intensity_norm_119.nii.gz
/home/bizon/src/datasets/NFBS_Dataset/A00060093/sub-A00060093_ses-NFB3_T1w_brainmask.nii.gz,/home/bizon/src/datasets/NFBS_Dataset/A00060093/sub-A00060093_ses-NFB3_T1w_brain.nii.gz,/home/bizon/src/datasets/NFBS_Dataset/A00060093/sub-A00060093_ses-NFB3_T1w.nii.gz,/home/bizon/src/datasets/NFBS_Dataset_NiFi/bias_correction/nfbs_120.nii.gz,/home/bizon/src/datasets/NFBS_Dataset_NiFi/resized_cropped/nfbs_raw120.nii.gz,/home/bizon/src/datasets/NFBS_Dataset_NiFi/resized_cropped/nfbs_mask120.nii.gz,/home/bizon/src/datasets/NFBS_Dataset_NiFi/intensity_norm/nfbs_intensity_norm_120.nii.gz
/home/bizon/src/datasets/NFBS_Dataset/A00028185/sub-A00028185_ses-NFB3_T1w_brainmask.nii.gz,/home/bizon/src/datasets/NFBS_Dataset/A00028185/sub-A00028185_ses-NFB3_T1w_brain.nii.gz,/home/bizon/src/datasets/NFBS_Dataset/A00028185/sub-A00028185_ses-NFB3_T1w.nii.gz,/home/bizon/src/datasets/NFBS_Dataset_NiFi/bias_correction/nfbs_121.nii.gz,/home/bizon/src/datasets/NFBS_Dataset_NiFi/resized_cropped/nfbs_raw121.nii.gz,/home/bizon/src/datasets/NFBS_Dataset_NiFi/resized_cropped/nfbs_mask121.nii.gz,/home/bizon/src/datasets/NFBS_Dataset_NiFi/intensity_norm/nfbs_intensity_norm_121.nii.gz
/home/bizon/src/datasets/NFBS_Dataset/A00053850/sub-A00053850_ses-NFB3_T1w_brainmask.nii.gz,/home/bizon/src/datasets/NFBS_Dataset/A00053850/sub-A00053850_ses-NFB3_T1w_brain.nii.gz,/home/bizon/src/datasets/NFBS_Dataset/A00053850/sub-A00053850_ses-NFB3_T1w.nii.gz,/home/bizon/src/datasets/NFBS_Dataset_NiFi/bias_correction/nfbs_122.nii.gz,/home/bizon/src/datasets/NFBS_Dataset_NiFi/resized_cropped/nfbs_raw122.nii.gz,/home/bizon/src/datasets/NFBS_Dataset_NiFi/resized_cropped/nfbs_mask122.nii.gz,/home/bizon/src/datasets/NFBS_Dataset_NiFi/intensity_norm/nfbs_intensity_norm_122.nii.gz
/home/bizon/src/datasets/NFBS_Dataset/A00056452/sub-A00056452_ses-NFB3_T1w_brainmask.nii.gz,/home/bizon/src/datasets/NFBS_Dataset/A00056452/sub-A00056452_ses-NFB3_T1w_brain.nii.gz,/home/bizon/src/datasets/NFBS_Dataset/A00056452/sub-A00056452_ses-NFB3_T1w.nii.gz,/home/bizon/src/datasets/NFBS_Dataset_NiFi/bias_correction/nfbs_123.nii.gz,/home/bizon/src/datasets/NFBS_Dataset_NiFi/resized_cropped/nfbs_raw123.nii.gz,/home/bizon/src/datasets/NFBS_Dataset_NiFi/resized_cropped/nfbs_mask123.nii.gz,/home/bizon/src/datasets/NFBS_Dataset_NiFi/intensity_norm/nfbs_intensity_norm_123.nii.gz
/home/bizon/src/datasets/NFBS_Dataset/A00062934/sub-A00062934_ses-NFB3_T1w_brainmask.nii.gz,/home/bizon/src/datasets/NFBS_Dataset/A00062934/sub-A00062934_ses-NFB3_T1w_brain.nii.gz,/home/bizon/src/datasets/NFBS_Dataset/A00062934/sub-A00062934_ses-NFB3_T1w.nii.gz,/home/bizon/src/datasets/NFBS_Dataset_NiFi/bias_correction/nfbs_124.nii.gz,/home/bizon/src/datasets/NFBS_Dataset_NiFi/resized_cropped/nfbs_raw124.nii.gz,/home/bizon/src/datasets/NFBS_Dataset_NiFi/resized_cropped/nfbs_mask124.nii.gz,/home/bizon/src/datasets/NFBS_Dataset_NiFi/intensity_norm/nfbs_intensity_norm_124.nii.gz
